{
"type": "FeatureCollection",
"name": "simp",
"crs": { "type": "name", "properties": { "name": "urn:ogc:def:crs:OGC:1.3:CRS84" } },
"features": [
{ "type": "Feature", "properties": { "Federation": "Antrim Ballymena", "HSCT": "NHSCT" }, "geometry": { "type": "MultiPolygon", "coordinates": [ [ [ [ -6.2229071, 54.6003602 ], [ -6.2165144, 54.6016191 ], [ -6.2097278, 54.5987368 ], [ -6.2061017, 54.6006532 ], [ -6.201027, 54.5995798 ], [ -6.196904, 54.6015639 ], [ -6.1919122, 54.6005402 ], [ -6.1921216, 54.6023347 ], [ -6.1854827, 54.6038144 ], [ -6.170702, 54.603629 ], [ -6.1605007, 54.6071287 ], [ -6.1543124, 54.6104529 ], [ -6.1468194, 54.6108087 ], [ -6.14906, 54.6192743 ], [ -6.1476041, 54.6207473 ], [ -6.1399633, 54.6196642 ], [ -6.1380676, 54.6197105 ], [ -6.1365569, 54.6206237 ], [ -6.1373792, 54.6187915 ], [ -6.1268366, 54.618087 ], [ -6.1224343, 54.6178715 ], [ -6.1097573, 54.622711 ], [ -6.0988681, 54.6224048 ], [ -6.0865966, 54.6240742 ], [ -6.0800428, 54.6215787 ], [ -6.0768955, 54.6195229 ], [ -6.0704131, 54.6187833 ], [ -6.0616067, 54.6123009 ], [ -6.0455352, 54.6058941 ], [ -6.0415039, 54.6126349 ], [ -6.0220207, 54.6117386 ], [ -6.0221831, 54.6296444 ], [ -6.0085601, 54.6398457 ], [ -6.0201282, 54.6388996 ], [ -6.0360108, 54.637956 ], [ -6.0556621, 54.6411207 ], [ -6.0896695, 54.6386712 ], [ -6.1052248, 54.6343484 ], [ -6.1271371, 54.6346476 ], [ -6.1285261, 54.6395277 ], [ -6.1388562, 54.637691 ], [ -6.1416162, 54.6392175 ], [ -6.1289088, 54.6434325 ], [ -6.1410121, 54.654175 ], [ -6.1525526, 54.6512405 ], [ -6.1557969, 54.6523473 ], [ -6.1563758, 54.6511323 ], [ -6.1706618, 54.651460699999987 ], [ -6.1861414, 54.6608439 ], [ -6.1809332, 54.6647542 ], [ -6.183761, 54.6664264 ], [ -6.1801579, 54.6704907 ], [ -6.1876261, 54.6852534 ], [ -6.1777084, 54.6872276 ], [ -6.1807022, 54.6931618 ], [ -6.1821843, 54.6951994 ], [ -6.1763035, 54.6975081 ], [ -6.1798558, 54.7000235 ], [ -6.179632, 54.7012272 ], [ -6.177401, 54.7016277 ], [ -6.180934, 54.7032057 ], [ -6.179372, 54.7055316 ], [ -6.1782084, 54.704879899999987 ], [ -6.1732176, 54.7114637 ], [ -6.1657913, 54.714831 ], [ -6.1675371, 54.7171234 ], [ -6.1581946, 54.7246117 ], [ -6.1731861, 54.7308216 ], [ -6.1514317, 54.7420143 ], [ -6.1416198, 54.7404776 ], [ -6.1398496, 54.7435862 ], [ -6.120336, 54.7425327 ], [ -6.1195359, 54.7585268 ], [ -6.1232296, 54.763078 ], [ -6.1195383, 54.7749024 ], [ -6.1421204, 54.7873521 ], [ -6.1343201, 54.7957503 ], [ -6.138357, 54.7971299 ], [ -6.1409299, 54.8067259 ], [ -6.1330095, 54.8067339 ], [ -6.1180407, 54.8086783 ], [ -6.1076734, 54.8051352 ], [ -6.1033979, 54.7936326 ], [ -6.1020334, 54.7928334 ], [ -6.0917556, 54.793886 ], [ -6.0730369, 54.7916943 ], [ -6.0757374, 54.7945962 ], [ -6.0791356, 54.7959912 ], [ -6.0644181, 54.7966852 ], [ -6.0487513, 54.792075 ], [ -6.0514301, 54.7970758 ], [ -6.0533927, 54.7979075 ], [ -6.0289323, 54.7997725 ], [ -6.0342322, 54.8109959 ], [ -6.0380634, 54.8221227 ], [ -6.05074, 54.8495452 ], [ -6.0479538, 54.8632251 ], [ -6.0446924, 54.8647294 ], [ -6.0506265, 54.8697163 ], [ -6.0537289, 54.8742795 ], [ -6.0364639, 54.8761848 ], [ -6.0316789, 54.878878 ], [ -6.026734, 54.8896462 ], [ -6.0152416, 54.8946812 ], [ -6.0037489, 54.8984118 ], [ -6.003333, 54.900058 ], [ -6.0250433, 54.9057232 ], [ -6.0381208, 54.9149829 ], [ -6.018431, 54.9198881 ], [ -6.0111486, 54.9172974 ], [ -6.0046539, 54.9225997 ], [ -6.0007237, 54.9219385 ], [ -6.0044611, 54.9172065 ], [ -5.9933114, 54.9096996 ], [ -5.9906315, 54.9093088 ], [ -5.9899619, 54.9232705 ], [ -5.9930058, 54.926687099999988 ], [ -5.9843376, 54.9335254 ], [ -5.9836995, 54.9355214 ], [ -5.977567, 54.9356956 ], [ -5.9747304, 54.9327256 ], [ -5.9520838, 54.9324885 ], [ -5.9564102, 54.9440009 ], [ -5.9515224, 54.9507892 ], [ -5.9525101, 54.9578733 ], [ -5.9467391, 54.9626185 ], [ -5.9505544, 54.9644105 ], [ -5.9468387, 54.9705279 ], [ -5.9486067, 54.9702721 ], [ -5.9497689, 54.9696238 ], [ -5.9526084, 54.9692091 ], [ -5.958856, 54.9712331 ], [ -5.9624087, 54.9778424 ], [ -5.9714821, 54.9809176 ], [ -5.9831524, 54.9792907 ], [ -5.9927293, 54.9888255 ], [ -5.9883806, 54.99273680000001 ], [ -5.9885251, 54.994253 ], [ -5.9850351, 55.0024204 ], [ -5.9771504, 55.0079294 ], [ -5.9776534, 55.0138551 ], [ -5.9727612, 55.0208716 ], [ -5.9720067, 55.0219846 ], [ -5.9709206, 55.0328337 ], [ -5.9639781, 55.0454485 ], [ -5.9652877, 55.0511514 ], [ -5.981146, 55.0578589 ], [ -6.0016743, 55.0590584 ], [ -6.0164179, 55.0568855 ], [ -6.0289082, 55.056072 ], [ -6.0435373, 55.053333 ], [ -6.056948, 55.0620796 ], [ -6.0590494, 55.0633134 ], [ -6.0538262, 55.0662147 ], [ -6.0533857, 55.0722159 ], [ -6.0518255, 55.0815282 ], [ -6.0538451, 55.0815705 ], [ -6.0551165, 55.0820989 ], [ -6.0538091, 55.0861203 ], [ -6.0485964, 55.0892366 ], [ -6.0353651, 55.1053332 ], [ -6.0350933, 55.1190459 ], [ -6.0368113, 55.1242648 ], [ -6.0409838, 55.1257535 ], [ -6.0402165, 55.1321456 ], [ -6.0388954, 55.133089 ], [ -6.0372938, 55.1329722 ], [ -6.0258379, 55.1405839 ], [ -6.0274238, 55.1619189 ], [ -6.0343122, 55.1699095 ], [ -6.0469032, 55.1728645 ], [ -6.0520336, 55.178833 ], [ -6.0550143, 55.1836244 ], [ -6.0628487, 55.1893519 ], [ -6.0647544, 55.1935097 ], [ -6.0636825, 55.1946294 ], [ -6.0614671, 55.1969532 ], [ -6.0630389, 55.1984614 ], [ -6.0664671, 55.1968714 ], [ -6.0772113, 55.1981276 ], [ -6.0816483, 55.1967138 ], [ -6.089786, 55.1979045 ], [ -6.1020429, 55.1940606 ], [ -6.1036103, 55.187847399999988 ], [ -6.1119847, 55.1844249 ], [ -6.1082944, 55.1726765 ], [ -6.1086801, 55.1705366 ], [ -6.0934827, 55.1488087 ], [ -6.1529982, 55.1318715 ], [ -6.1806357, 55.127051 ], [ -6.1859387, 55.1286505 ], [ -6.1803524, 55.1190998 ], [ -6.1878532, 55.1124967 ], [ -6.1873337, 55.1083269 ], [ -6.1611341, 55.0958207 ], [ -6.1702898, 55.0871079 ], [ -6.1801693, 55.0810644 ], [ -6.1768284, 55.0803972 ], [ -6.1790783, 55.0666105 ], [ -6.1869888, 55.0541679 ], [ -6.1941427, 55.0497435 ], [ -6.1933969, 55.0472202 ], [ -6.1861142, 55.0389474 ], [ -6.1867153, 55.0377452 ], [ -6.1791292, 55.0340766 ], [ -6.1652885, 55.0306762 ], [ -6.1567333, 55.0186144 ], [ -6.1574563, 55.0118272 ], [ -6.1540103, 55.0110304 ], [ -6.1539396, 55.0059749 ], [ -6.1629587, 55.0018015 ], [ -6.1767462, 54.999118 ], [ -6.1803637, 54.9923868 ], [ -6.1854457, 54.9903888 ], [ -6.2059928, 54.9774116 ], [ -6.2124876, 54.9652488 ], [ -6.2223288, 54.9626206 ], [ -6.2249199, 54.9637712 ], [ -6.2398628, 54.9508633 ], [ -6.2516365, 54.9428866 ], [ -6.2637559, 54.9512145 ], [ -6.2763437, 54.9482169 ], [ -6.2847699, 54.9515058 ], [ -6.2942295, 54.9450497 ], [ -6.3131271, 54.9397752 ], [ -6.3163043, 54.9355761 ], [ -6.3235238, 54.9325829 ], [ -6.3326309, 54.9416317 ], [ -6.3353321, 54.9425396 ], [ -6.3442278, 54.9187522 ], [ -6.3504554, 54.9081774 ], [ -6.3584081, 54.9121065 ], [ -6.3608953, 54.9163657 ], [ -6.3650546, 54.9176352 ], [ -6.3613128, 54.9202187 ], [ -6.3635881, 54.9213327 ], [ -6.3617606, 54.9238621 ], [ -6.3615487, 54.9294562 ], [ -6.3586095, 54.9307397 ], [ -6.3751197, 54.9425934 ], [ -6.3803165, 54.9414943 ], [ -6.3894921, 54.9355099 ], [ -6.4011586, 54.9323779 ], [ -6.4099882, 54.9384239 ], [ -6.4283286, 54.9361353 ], [ -6.4231716, 54.9166341 ], [ -6.4309328, 54.917403099999987 ], [ -6.4423215, 54.921239 ], [ -6.449948, 54.923939 ], [ -6.4594539, 54.9228021 ], [ -6.4653696, 54.923078 ], [ -6.4694175, 54.9245975 ], [ -6.4771459, 54.9215703 ], [ -6.4823019, 54.9202667 ], [ -6.486558, 54.9205985 ], [ -6.4912726, 54.921851599999989 ], [ -6.4964399, 54.9196976 ], [ -6.5003308, 54.9191592 ], [ -6.517094, 54.9390408 ], [ -6.527034, 54.9469376 ], [ -6.5369279, 54.951883599999988 ], [ -6.5386595, 54.9454956 ], [ -6.5394466, 54.9428948 ], [ -6.5409585, 54.937053 ], [ -6.5373512, 54.9340531 ], [ -6.5424786, 54.9330676 ], [ -6.5463664, 54.9367675 ], [ -6.5522219, 54.9283543 ], [ -6.5523382, 54.9084039 ], [ -6.553318, 54.9009146 ], [ -6.580308, 54.8954498 ], [ -6.5733776, 54.8884433 ], [ -6.5805539, 54.8849986 ], [ -6.5783654, 54.8728938 ], [ -6.5853652, 54.8645808 ], [ -6.6006626, 54.8605383 ], [ -6.605685, 54.856584 ], [ -6.5914178, 54.8488792 ], [ -6.58777, 54.8436952 ], [ -6.5722217, 54.8483426 ], [ -6.5604146, 54.8539783 ], [ -6.556299, 54.8552653 ], [ -6.55196, 54.8517973 ], [ -6.5458724, 54.8455869 ], [ -6.51322, 54.8479282 ], [ -6.5146521, 54.8389009 ], [ -6.5137105, 54.8368443 ], [ -6.5074609, 54.8348079 ], [ -6.4993132, 54.8374573 ], [ -6.4924908, 54.8373856 ], [ -6.4695322, 54.8404216 ], [ -6.4665221, 54.8369869 ], [ -6.4627307, 54.8308497 ], [ -6.4574561, 54.8235957 ], [ -6.4595858, 54.8199526 ], [ -6.459207, 54.8167269 ], [ -6.4709606, 54.8124672 ], [ -6.477747, 54.7920414 ], [ -6.4773365, 54.7868669 ], [ -6.4862132, 54.7864455 ], [ -6.502942, 54.7917841 ], [ -6.5101013, 54.7915628 ], [ -6.5039205, 54.7670824 ], [ -6.5032383, 54.7650005 ], [ -6.5131697, 54.7671473 ], [ -6.5189232, 54.7660877 ], [ -6.5202471, 54.7668812 ], [ -6.5290635, 54.7600513 ], [ -6.5227893, 54.7534207 ], [ -6.5142474, 54.7528787 ], [ -6.5125855, 54.7441116 ], [ -6.5140758, 54.7423358 ], [ -6.5059354, 54.7421548 ], [ -6.5047427, 54.7435941 ], [ -6.4908464, 54.75034 ], [ -6.4867351, 54.750079299999989 ], [ -6.4854882, 54.75074 ], [ -6.482786, 54.7510251 ], [ -6.4740146, 54.749489 ], [ -6.4722221, 54.750519 ], [ -6.4666714, 54.7526915 ], [ -6.4654697, 54.7462901 ], [ -6.4612964, 54.7454208 ], [ -6.4565176, 54.7413301 ], [ -6.4597839, 54.7379545 ], [ -6.4615988, 54.7374752 ], [ -6.4637019, 54.7337431 ], [ -6.4636293, 54.7327972 ], [ -6.465843, 54.7250906 ], [ -6.4639923, 54.7238928 ], [ -6.4684307, 54.7221168 ], [ -6.4694091, 54.7199591 ], [ -6.4684897, 54.7188689 ], [ -6.4687484, 54.7179484 ], [ -6.4662883, 54.7172092 ], [ -6.4659255, 54.7136156 ], [ -6.4649656, 54.7128951 ], [ -6.4639118, 54.7110844 ], [ -6.4611337, 54.711443 ], [ -6.4587149, 54.7094859 ], [ -6.4574066, 54.7083886 ], [ -6.455777, 54.7082148 ], [ -6.4542112, 54.7092177 ], [ -6.4545625, 54.7101113 ], [ -6.4529896, 54.7104009 ], [ -6.4476231, 54.7095732 ], [ -6.4476714, 54.7057962 ], [ -6.4438314, 54.7078097 ], [ -6.4429663, 54.7054154 ], [ -6.440598, 54.7059188 ], [ -6.4414036, 54.7078688 ], [ -6.4324515, 54.7104031 ], [ -6.4278868, 54.7060585 ], [ -6.4261752, 54.705036 ], [ -6.4228855, 54.7053491 ], [ -6.4171806, 54.7027449 ], [ -6.4162936, 54.7018641 ], [ -6.4105723, 54.7033966 ], [ -6.3998463, 54.7015195 ], [ -6.3952685, 54.7019907 ], [ -6.3941947, 54.7026567 ], [ -6.3923069, 54.7025631 ], [ -6.3907933, 54.7021814 ], [ -6.3777518, 54.7033347 ], [ -6.3760403, 54.7030671 ], [ -6.3645654, 54.701993599999987 ], [ -6.3629678, 54.7041464 ], [ -6.3585162, 54.7065899 ], [ -6.3505189, 54.7063044 ], [ -6.3427414, 54.7068088 ], [ -6.3352037, 54.7153187 ], [ -6.3304644, 54.7160632 ], [ -6.325985, 54.7144589 ], [ -6.3188425, 54.7164211 ], [ -6.3122358, 54.719507 ], [ -6.3106845, 54.7193828 ], [ -6.3026026, 54.719641 ], [ -6.3027724, 54.7183299 ], [ -6.294787, 54.7169627 ], [ -6.282808, 54.725052 ], [ -6.2676683, 54.7265657 ], [ -6.2634776, 54.7272709 ], [ -6.2505175, 54.7232361 ], [ -6.2468735, 54.720664 ], [ -6.2474455, 54.7193257 ], [ -6.2456639, 54.7198541 ], [ -6.2383458, 54.7143239 ], [ -6.2335335, 54.708811499999989 ], [ -6.2301069, 54.7065192 ], [ -6.231467, 54.7027408 ], [ -6.2347793, 54.7002528 ], [ -6.2366862, 54.6973496 ], [ -6.2380254, 54.6978672 ], [ -6.2459279, 54.6962411 ], [ -6.2476707, 54.6919084 ], [ -6.2471414, 54.6906983 ], [ -6.2586171, 54.6826562 ], [ -6.2634071, 54.6776429 ], [ -6.2736299, 54.6702989 ], [ -6.2759746, 54.6687002 ], [ -6.2773733, 54.6673989 ], [ -6.279211, 54.6675008 ], [ -6.2806663, 54.6678275 ], [ -6.2801347, 54.6651239 ], [ -6.2943082, 54.6541506 ], [ -6.300558, 54.6486613 ], [ -6.2993953, 54.6382223 ], [ -6.2989144, 54.6373633 ], [ -6.3148354, 54.6155554 ], [ -6.319279, 54.6101928 ], [ -6.3191299, 54.6092854 ], [ -6.3191282, 54.6082523 ], [ -6.3049346, 54.6088939 ], [ -6.3035254, 54.6081988 ], [ -6.3015482, 54.609587 ], [ -6.2882077, 54.6086706 ], [ -6.2759753, 54.6122588 ], [ -6.2674759, 54.6082911 ], [ -6.2665526, 54.6062487 ], [ -6.2666424, 54.604894 ], [ -6.2671837, 54.6039549 ], [ -6.2658446, 54.6023599 ], [ -6.2620026, 54.6001213 ], [ -6.2632271, 54.5977158 ], [ -6.2540501, 54.5899502 ], [ -6.2361809, 54.5881151 ], [ -6.2292372, 54.5906539 ], [ -6.2286505, 54.5923911 ], [ -6.2308693, 54.5934067 ], [ -6.2273246, 54.598118799999988 ], [ -6.2229071, 54.6003602 ] ] ] ] } },
{ "type": "Feature", "properties": { "Federation": "Ards", "HSCT": "SEHSCT" }, "geometry": { "type": "MultiPolygon", "coordinates": [ [ [ [ -5.5489635, 54.3654203 ], [ -5.5532146, 54.3710015 ], [ -5.5548928, 54.3725827 ], [ -5.5571677, 54.3763854 ], [ -5.5633074, 54.3756721 ], [ -5.5656058, 54.3701875 ], [ -5.5620765, 54.3701848 ], [ -5.5624208, 54.3668276 ], [ -5.5805909, 54.3558562 ], [ -5.5988513, 54.3204273 ], [ -5.5918726, 54.3181281 ], [ -5.5790459, 54.3213801 ], [ -5.5696523, 54.3241111 ], [ -5.5658419, 54.3272956 ], [ -5.5562215, 54.3257087 ], [ -5.5491249, 54.3249998 ], [ -5.540667, 54.3269181 ], [ -5.5400032, 54.3281751 ], [ -5.5417192, 54.3283538 ], [ -5.5441059, 54.3338044 ], [ -5.5434158, 54.3347433 ], [ -5.5416177, 54.3392215 ], [ -5.5425762, 54.3404375 ], [ -5.5454922, 54.3437973 ], [ -5.5477635, 54.3439164 ], [ -5.5480967, 54.3519776 ], [ -5.5507871, 54.3557057 ], [ -5.5505804, 54.3635545 ], [ -5.5489635, 54.3654203 ] ] ], [ [ [ -5.6383308, 54.4769945 ], [ -5.6429233, 54.4725053 ], [ -5.6408945, 54.4684032 ], [ -5.6384007, 54.4696069 ], [ -5.6373689, 54.4729724 ], [ -5.6354355, 54.4755084 ], [ -5.6383308, 54.4769945 ] ] ], [ [ [ -5.5747052, 54.6349412 ], [ -5.5709264, 54.6220959 ], [ -5.6070075, 54.6078691 ], [ -5.652661, 54.5972021 ], [ -5.654196, 54.6004986 ], [ -5.657595, 54.6028544 ], [ -5.6573741, 54.6059609 ], [ -5.6633599, 54.6060967 ], [ -5.6618964, 54.6074615 ], [ -5.6760499, 54.6066615 ], [ -5.6747368, 54.6227042 ], [ -5.6751417, 54.623718 ], [ -5.6869658, 54.6180626 ], [ -5.707245, 54.62122 ], [ -5.7132257, 54.6258724 ], [ -5.7283289, 54.6271867 ], [ -5.7440691, 54.6234891 ], [ -5.7447939, 54.6194174 ], [ -5.7509592, 54.6192644 ], [ -5.7612094, 54.6124132 ], [ -5.7694003, 54.6123163 ], [ -5.7688747, 54.601267 ], [ -5.7724271, 54.5970595 ], [ -5.7734588, 54.5939504 ], [ -5.7697173, 54.5932646 ], [ -5.7611342, 54.584998 ], [ -5.7576955, 54.5844219 ], [ -5.7582462, 54.5813126 ], [ -5.7647102, 54.5801802 ], [ -5.7701984, 54.5753626 ], [ -5.7742444, 54.5766487 ], [ -5.7808917, 54.5751443 ], [ -5.7864921, 54.5717029 ], [ -5.790374, 54.569089 ], [ -5.7873714, 54.5670939 ], [ -5.7965329, 54.5633868 ], [ -5.7986101, 54.5581561 ], [ -5.79616, 54.5517239 ], [ -5.7908541, 54.5500732 ], [ -5.7947337, 54.5445412 ], [ -5.8040297, 54.5440755 ], [ -5.8116024, 54.536707 ], [ -5.817352, 54.5356294 ], [ -5.8154355, 54.5315385 ], [ -5.817618, 54.5291704 ], [ -5.7973643, 54.5079529 ], [ -5.8001206, 54.5065582 ], [ -5.7978206, 54.5045822 ], [ -5.801416, 54.503727 ], [ -5.8014095, 54.4992707 ], [ -5.7976419, 54.4990787 ], [ -5.7957155, 54.5005453 ], [ -5.7869524, 54.4962589 ], [ -5.7810062, 54.4989918 ], [ -5.7450743, 54.4915679 ], [ -5.7545565, 54.4778166 ], [ -5.7542554, 54.471209 ], [ -5.734956, 54.4710405 ], [ -5.7368202, 54.4639463 ], [ -5.7324653, 54.4612822 ], [ -5.7316419, 54.4533431 ], [ -5.7211698, 54.4474076 ], [ -5.7015719, 54.4468642 ], [ -5.6976111, 54.4507529 ], [ -5.6931478, 54.4497116 ], [ -5.6909411, 54.4551333 ], [ -5.6876612, 54.4554945 ], [ -5.6828501, 54.4533543 ], [ -5.6776551, 54.4572214 ], [ -5.6760379, 54.4583458 ], [ -5.6703509, 54.4583195 ], [ -5.6701084, 54.4597231 ], [ -5.6601267, 54.461154199999989 ], [ -5.6538174, 54.4601345 ], [ -5.6473648, 54.459956500000011 ], [ -5.6397946, 54.458489199999988 ], [ -5.6425079, 54.4624659 ], [ -5.6394914, 54.4642743 ], [ -5.6443187, 54.4663432 ], [ -5.6479894, 54.4667831 ], [ -5.650277, 54.4656952 ], [ -5.6520764, 54.4657222 ], [ -5.6524724, 54.463795 ], [ -5.6550196, 54.4654037 ], [ -5.6553807, 54.4684346 ], [ -5.6538375, 54.4683502 ], [ -5.6509912, 54.4687958 ], [ -5.6500223, 54.472074299999989 ], [ -5.6529219, 54.4733954 ], [ -5.6541091, 54.4741545 ], [ -5.6523992, 54.4756889 ], [ -5.6508941, 54.4752032 ], [ -5.6448915, 54.4806695 ], [ -5.6539432, 54.4840062 ], [ -5.6496267, 54.4883514 ], [ -5.649159, 54.4904171 ], [ -5.6543188, 54.4950373 ], [ -5.6529171, 54.4957563 ], [ -5.6596757, 54.4973217 ], [ -5.66191, 54.4951225 ], [ -5.6635261, 54.4944874 ], [ -5.6655381, 54.4918715 ], [ -5.6721548, 54.4937951 ], [ -5.6709358, 54.4949332 ], [ -5.6766982, 54.4968566 ], [ -5.6782295, 54.4996226 ], [ -5.6762232, 54.5014644 ], [ -5.6754587, 54.505040699999988 ], [ -5.6750625, 54.5103743 ], [ -5.6685998, 54.51114 ], [ -5.6643731, 54.510556 ], [ -5.6572402, 54.5161459 ], [ -5.6524897, 54.512681 ], [ -5.647644, 54.5137719 ], [ -5.6541607, 54.5186635 ], [ -5.6536362, 54.5200455 ], [ -5.6611797, 54.5188208 ], [ -5.6636166, 54.5198985 ], [ -5.6669338, 54.5190723 ], [ -5.6675036, 54.5215145 ], [ -5.6747319, 54.5217794 ], [ -5.6790285, 54.5202312 ], [ -5.681434, 54.5211641 ], [ -5.6814617, 54.5242662 ], [ -5.6845294, 54.5250022 ], [ -5.6834844, 54.526702 ], [ -5.6884431, 54.5287765 ], [ -5.6867098, 54.5301283 ], [ -5.6887557, 54.5317948 ], [ -5.6992911, 54.5330732 ], [ -5.7088827, 54.5373693 ], [ -5.7129525, 54.5365081 ], [ -5.7142846, 54.5356748 ], [ -5.7147175, 54.5365622 ], [ -5.7164054, 54.5368259 ], [ -5.7218415, 54.5382591 ], [ -5.7237311, 54.5387817 ], [ -5.7234195, 54.5410366 ], [ -5.7316127, 54.543781 ], [ -5.7264537, 54.5440617 ], [ -5.7222415, 54.5422701 ], [ -5.7198538, 54.5410501 ], [ -5.7223817, 54.539385 ], [ -5.713699, 54.5403616 ], [ -5.7075961, 54.5443161 ], [ -5.6967094, 54.546972 ], [ -5.6984065, 54.5523643 ], [ -5.6986298, 54.5599841 ], [ -5.6980959, 54.5653009 ], [ -5.6986324, 54.5684723 ], [ -5.6966059, 54.5718581 ], [ -5.6953013, 54.5723828 ], [ -5.6837071, 54.582642 ], [ -5.6771493, 54.5826689 ], [ -5.6629848, 54.5730318 ], [ -5.6579157, 54.5709817 ], [ -5.6552117, 54.5686215 ], [ -5.6396214, 54.5642378 ], [ -5.6379686, 54.561631 ], [ -5.6305141, 54.5612428 ], [ -5.6269382, 54.5600637 ], [ -5.6132034, 54.557895 ], [ -5.6079023, 54.5538839 ], [ -5.6059384, 54.549883 ], [ -5.6032946, 54.5495607 ], [ -5.5948378, 54.547872 ], [ -5.5952833, 54.5413951 ], [ -5.5899225, 54.5408945 ], [ -5.5878765, 54.5390563 ], [ -5.5818324, 54.5323163 ], [ -5.5780747, 54.5322515 ], [ -5.574132, 54.5323673 ], [ -5.5729668, 54.5338886 ], [ -5.5706783, 54.5346723 ], [ -5.5688789, 54.5361401 ], [ -5.5650897, 54.5335156 ], [ -5.5615099, 54.5335617 ], [ -5.5552187, 54.5238236 ], [ -5.5551383, 54.5203282 ], [ -5.5503486, 54.517902199999988 ], [ -5.5533661, 54.5120669 ], [ -5.5516768, 54.5115973 ], [ -5.5487873, 54.5112064 ], [ -5.5510734, 54.5061528 ], [ -5.546072, 54.5030217 ], [ -5.5470058, 54.4968325 ], [ -5.5426756, 54.4952416 ], [ -5.5387763, 54.495276 ], [ -5.538461, 54.4914133 ], [ -5.5369006, 54.4892278 ], [ -5.5411583, 54.4872375 ], [ -5.5424666, 54.4850233 ], [ -5.5413657, 54.4836636 ], [ -5.5394524, 54.4837457 ], [ -5.5382905, 54.4828153 ], [ -5.533587, 54.4855779 ], [ -5.5313109, 54.4854509 ], [ -5.5297648, 54.4846804 ], [ -5.5317353, 54.4845512 ], [ -5.532106, 54.4824316 ], [ -5.5366968, 54.4815258 ], [ -5.5343952, 54.4800063 ], [ -5.5341432, 54.4789716 ], [ -5.5366415, 54.4767773 ], [ -5.5410961, 54.4750681 ], [ -5.538538, 54.4745615 ], [ -5.5388365, 54.4736329 ], [ -5.537153, 54.4739431 ], [ -5.5364317, 54.4731338 ], [ -5.5320867, 54.4692153 ], [ -5.5413524, 54.4661218 ], [ -5.5416383, 54.4638121 ], [ -5.5451266, 54.4606389 ], [ -5.5408565, 54.4604564 ], [ -5.5392799, 54.460214 ], [ -5.5377811, 54.4598282 ], [ -5.5358897, 54.4595189 ], [ -5.5355747, 54.4573124 ], [ -5.5356128, 54.4536263 ], [ -5.5319209, 54.453944 ], [ -5.5299166, 54.4546687 ], [ -5.5303935, 54.4534381 ], [ -5.5318659, 54.4530281 ], [ -5.5334077, 54.4515547 ], [ -5.534077, 54.4505666 ], [ -5.535595, 54.4471077 ], [ -5.5357968, 54.443324 ], [ -5.536757, 54.4415933 ], [ -5.5351607, 54.4376525 ], [ -5.5383467, 54.4380528 ], [ -5.5398681, 54.4369391 ], [ -5.5465125, 54.4390122 ], [ -5.5469579, 54.4366877 ], [ -5.5439242, 54.4343093 ], [ -5.539608, 54.4360153 ], [ -5.5362711, 54.4351704 ], [ -5.5370759, 54.4343208 ], [ -5.5373707, 54.4328981 ], [ -5.5362468, 54.4321454 ], [ -5.5353542, 54.430806 ], [ -5.5377795, 54.4313279 ], [ -5.5426188, 54.4335636 ], [ -5.5421062, 54.4315407 ], [ -5.5496482, 54.4302163 ], [ -5.5481812, 54.4317605 ], [ -5.5451341, 54.4331566 ], [ -5.5483089, 54.4349185 ], [ -5.5544598, 54.431734 ], [ -5.5572259, 54.4292097 ], [ -5.560739, 54.4292166 ], [ -5.562623, 54.4294973 ], [ -5.5652407, 54.4289294 ], [ -5.5666685, 54.425263 ], [ -5.5680446, 54.4248364 ], [ -5.5727503, 54.4215532 ], [ -5.5766824, 54.4232044 ], [ -5.5725483, 54.4187483 ], [ -5.5785606, 54.4083092 ], [ -5.5780381, 54.4035489 ], [ -5.5789382, 54.3995554 ], [ -5.5736536, 54.3965862 ], [ -5.5734232, 54.3928495 ], [ -5.5681758, 54.3911239 ], [ -5.5613327, 54.3903888 ], [ -5.5525159, 54.3820685 ], [ -5.545049, 54.3767218 ], [ -5.5430531, 54.372939 ], [ -5.5391082, 54.3684006 ], [ -5.5401485, 54.3646769 ], [ -5.531528, 54.3623608 ], [ -5.5283774, 54.3579171 ], [ -5.5298337, 54.3511621 ], [ -5.5266823, 54.3433891 ], [ -5.5211665, 54.3412658 ], [ -5.5199111, 54.3430651 ], [ -5.5148872, 54.3434853 ], [ -5.5137178, 54.3451653 ], [ -5.5109719, 54.3404096 ], [ -5.5087794, 54.335688499999989 ], [ -5.5059437, 54.3327057 ], [ -5.5047636, 54.3320964 ], [ -5.5026835, 54.3317039 ], [ -5.4977789, 54.3338302 ], [ -5.4957552, 54.3353381 ], [ -5.4970359, 54.3366149 ], [ -5.4980099, 54.3375375 ], [ -5.4993821, 54.3406519 ], [ -5.4981086, 54.3418291 ], [ -5.4991574, 54.3430786 ], [ -5.4978744, 54.3440681 ], [ -5.4954753, 54.3488163 ], [ -5.4969317, 54.3494822 ], [ -5.4974315, 54.3503387 ], [ -5.4971976, 54.3512676 ], [ -5.4955598, 54.351605 ], [ -5.493667, 54.351403 ], [ -5.4917188, 54.3558314 ], [ -5.4898631, 54.3573803 ], [ -5.4857681, 54.3569699 ], [ -5.4842689, 54.3556435 ], [ -5.4811059, 54.3581855 ], [ -5.4819998, 54.3637872 ], [ -5.482973, 54.3645307 ], [ -5.4835942, 54.3653617 ], [ -5.4906634, 54.3636092 ], [ -5.4928681, 54.367615 ], [ -5.4896789, 54.3706191 ], [ -5.4864358, 54.3720017 ], [ -5.4859071, 54.3750301 ], [ -5.4896973, 54.3761365 ], [ -5.4839261, 54.381722599999989 ], [ -5.4792655, 54.3846423 ], [ -5.4724963, 54.3841105 ], [ -5.4695694, 54.3815717 ], [ -5.4659771, 54.3831815 ], [ -5.4616211, 54.3841818 ], [ -5.4610708, 54.3854763 ], [ -5.4585728, 54.3928897 ], [ -5.461634, 54.3942512 ], [ -5.4623351, 54.3963634 ], [ -5.4645486, 54.3979714 ], [ -5.4643963, 54.3998357 ], [ -5.4632066, 54.4004466 ], [ -5.4652584, 54.4015554 ], [ -5.4641491, 54.4022163 ], [ -5.4640668, 54.4135602 ], [ -5.4660407, 54.4155991 ], [ -5.46637, 54.4166288 ], [ -5.4695684, 54.4185847 ], [ -5.4726254, 54.4199658 ], [ -5.4742995, 54.4240696 ], [ -5.4788162, 54.4242991 ], [ -5.4789654, 54.4310061 ], [ -5.4673714, 54.4374137 ], [ -5.45949, 54.439543099999987 ], [ -5.4558108, 54.4391956 ], [ -5.4504955, 54.4486739 ], [ -5.4496286, 54.451764499999989 ], [ -5.4386878, 54.4556148 ], [ -5.4397678, 54.457086 ], [ -5.4387241, 54.457765 ], [ -5.4364922, 54.4579188 ], [ -5.4397839, 54.460166 ], [ -5.4359097, 54.4699595 ], [ -5.4372417, 54.4719962 ], [ -5.4390625, 54.4722325 ], [ -5.4420274, 54.4739766 ], [ -5.4400595, 54.4775735 ], [ -5.438515, 54.4784599 ], [ -5.4384461, 54.4802874 ], [ -5.4381189, 54.4811701 ], [ -5.4327992, 54.4873127 ], [ -5.4380762, 54.4904732 ], [ -5.4399814, 54.4901763 ], [ -5.4452059, 54.4898062 ], [ -5.4626742, 54.4972872 ], [ -5.4688958, 54.5144885 ], [ -5.4718314, 54.5192168 ], [ -5.470756, 54.5265008 ], [ -5.4740005, 54.5297011 ], [ -5.4799384, 54.5320581 ], [ -5.4831136, 54.5410235 ], [ -5.4822619, 54.5433942 ], [ -5.483441, 54.5453231 ], [ -5.4850987, 54.545668 ], [ -5.4822933, 54.5534045 ], [ -5.4776322, 54.5592025 ], [ -5.4795106, 54.5670579 ], [ -5.4889735, 54.5764876 ], [ -5.4909596, 54.5774173 ], [ -5.497927, 54.5774456 ], [ -5.504457, 54.5845548 ], [ -5.5046071, 54.5854775 ], [ -5.5046292, 54.5866311 ], [ -5.5067366, 54.5914539 ], [ -5.5207483, 54.5965822 ], [ -5.5263082, 54.607913 ], [ -5.5278843, 54.6097499 ], [ -5.5304003, 54.6148555 ], [ -5.5319783, 54.6186241 ], [ -5.5296734, 54.6205571 ], [ -5.5334301, 54.6218498 ], [ -5.5313763, 54.6288166 ], [ -5.5309849, 54.6345834 ], [ -5.5287423, 54.6357868 ], [ -5.5279878, 54.6366867 ], [ -5.5295794, 54.6398493 ], [ -5.5298895, 54.6409897 ], [ -5.5315519, 54.6433934 ], [ -5.5377898, 54.6436237 ], [ -5.5418969, 54.6529329 ], [ -5.5409889, 54.653663099999989 ], [ -5.5476818, 54.6550266 ], [ -5.5553337, 54.6569038 ], [ -5.5684079, 54.66425 ], [ -5.56895, 54.6655085 ], [ -5.5728703, 54.6626259 ], [ -5.5714558, 54.6606309 ], [ -5.5566017, 54.6559762 ], [ -5.5563971, 54.6542269 ], [ -5.5531747, 54.6533369 ], [ -5.5520391, 54.6544417 ], [ -5.5456555, 54.6514852 ], [ -5.5444177, 54.647782 ], [ -5.5514688, 54.647209 ], [ -5.5557001, 54.6489215 ], [ -5.5582303, 54.6488744 ], [ -5.5588287, 54.6497131 ], [ -5.565953, 54.6492702 ], [ -5.5726577, 54.6497245 ], [ -5.58601, 54.6513396 ], [ -5.5825931, 54.6367945 ], [ -5.5747052, 54.6349412 ] ], [ [ -5.5341432, 54.4789716 ], [ -5.5325789, 54.4789524 ], [ -5.5313079, 54.4776657 ], [ -5.5335392, 54.4775179 ], [ -5.5341432, 54.4789716 ] ], [ [ -5.5406826, 54.4309073 ], [ -5.5382581, 54.4301689 ], [ -5.5386373, 54.4267383 ], [ -5.5407543, 54.4259881 ], [ -5.5421208, 54.4264245 ], [ -5.5437163, 54.4263727 ], [ -5.5450664, 54.427466499999987 ], [ -5.5406826, 54.4309073 ] ] ], [ [ [ -5.6500223, 54.472074299999989 ], [ -5.6465517, 54.4719407 ], [ -5.6497164, 54.4737296 ], [ -5.6500223, 54.472074299999989 ] ] ], [ [ [ -5.6482272, 54.4878867 ], [ -5.6428876, 54.4857045 ], [ -5.6399906, 54.4891292 ], [ -5.6440861, 54.489792599999987 ], [ -5.6482272, 54.4878867 ] ] ], [ [ [ -5.6531233, 54.511853 ], [ -5.6561075, 54.5109599 ], [ -5.6556944, 54.508117399999989 ], [ -5.6515628, 54.5103716 ], [ -5.6531233, 54.511853 ] ] ], [ [ [ -5.6460294, 54.5143089 ], [ -5.6448456, 54.5122231 ], [ -5.6464464, 54.5117455 ], [ -5.6460593, 54.5084505 ], [ -5.6474566, 54.5074209 ], [ -5.6491082, 54.5050431 ], [ -5.6503025, 54.5033843 ], [ -5.6483275, 54.5017835 ], [ -5.6505112, 54.4988802 ], [ -5.6456934, 54.4968826 ], [ -5.6387629, 54.4963508 ], [ -5.6269567, 54.5004503 ], [ -5.620384, 54.5064681 ], [ -5.624481, 54.506505 ], [ -5.6288665, 54.5047125 ], [ -5.6342896, 54.501249799999989 ], [ -5.6464572, 54.4988304 ], [ -5.6465153, 54.5008911 ], [ -5.6428802, 54.5094798 ], [ -5.6418731, 54.51164 ], [ -5.6399563, 54.5119556 ], [ -5.6382927, 54.5121823 ], [ -5.6366437, 54.5151389 ], [ -5.6315057, 54.5153862 ], [ -5.6375771, 54.5173535 ], [ -5.6405983, 54.5167988 ], [ -5.6399277, 54.5149032 ], [ -5.6460294, 54.5143089 ] ] ], [ [ [ -5.6411249, 54.5095843 ], [ -5.6374545, 54.5071102 ], [ -5.6379336, 54.5091746 ], [ -5.6411249, 54.5095843 ] ] ], [ [ [ -5.5793848, 54.531059 ], [ -5.582133, 54.528371 ], [ -5.5779029, 54.5278426 ], [ -5.5793848, 54.531059 ] ] ], [ [ [ -5.533587, 54.4855779 ], [ -5.533359, 54.4845637 ], [ -5.5317353, 54.4845512 ], [ -5.533587, 54.4855779 ] ] ], [ [ [ -5.5341432, 54.4789716 ], [ -5.5393375, 54.4797977 ], [ -5.5391665, 54.4773545 ], [ -5.5341432, 54.4789716 ] ] ], [ [ [ -5.5451266, 54.4606389 ], [ -5.546422, 54.4597125 ], [ -5.5447404, 54.4595293 ], [ -5.5451266, 54.4606389 ] ] ], [ [ [ -5.546422, 54.4597125 ], [ -5.5481479, 54.459725 ], [ -5.5489933, 54.4587687 ], [ -5.546422, 54.4597125 ] ] ], [ [ [ -5.5047636, 54.3320964 ], [ -5.5056316, 54.3312245 ], [ -5.5040846, 54.3310194 ], [ -5.5047636, 54.3320964 ] ] ] ] } },
{ "type": "Feature", "properties": { "Federation": "Armagh & Dungannon", "HSCT": "SHSCT" }, "geometry": { "type": "MultiPolygon", "coordinates": [ [ [ [ -6.5531649, 54.5156141 ], [ -6.5496166, 54.5172847 ], [ -6.5524208, 54.5178346 ], [ -6.5531649, 54.5156141 ] ] ], [ [ [ -7.3578393, 54.3931174 ], [ -7.349991, 54.3984806 ], [ -7.3420234, 54.3974725 ], [ -7.3394715, 54.3998887 ], [ -7.3317758, 54.4003837 ], [ -7.3291393, 54.3981142 ], [ -7.3379119, 54.3921172 ], [ -7.3355993, 54.3873771 ], [ -7.34053, 54.3840433 ], [ -7.3315829, 54.3781209 ], [ -7.3309084, 54.373991 ], [ -7.3331562, 54.3716783 ], [ -7.3214119, 54.3694001 ], [ -7.3194328, 54.3689042 ], [ -7.3128919, 54.3712173 ], [ -7.3112696, 54.371202 ], [ -7.3200526, 54.3655377 ], [ -7.3242393, 54.3419884 ], [ -7.3125422, 54.3334216 ], [ -7.3331556, 54.3294816 ], [ -7.3492337, 54.3304867 ], [ -7.3625889, 54.3291473 ], [ -7.3672331, 54.3272233 ], [ -7.3772361, 54.3339228 ], [ -7.4009299, 54.3181839 ], [ -7.389341, 54.3174926 ], [ -7.3684905, 54.3095609 ], [ -7.3612951, 54.3118223 ], [ -7.3568344, 54.309104 ], [ -7.3364079, 54.3078936 ], [ -7.3255874, 54.3044075 ], [ -7.3125706, 54.2996577 ], [ -7.3054945, 54.2952042 ], [ -7.2945498, 54.293326 ], [ -7.2801087, 54.2912199 ], [ -7.2716055, 54.2916262 ], [ -7.2642225, 54.2903416 ], [ -7.2553418, 54.2961189 ], [ -7.2497477, 54.30007 ], [ -7.2556948, 54.3026676 ], [ -7.2619887, 54.3037961 ], [ -7.2623992, 54.3077962 ], [ -7.2529248, 54.3065118 ], [ -7.2471922, 54.3060021 ], [ -7.2385214, 54.3036564 ], [ -7.2303248, 54.304908 ], [ -7.2136934, 54.3021144 ], [ -7.2092641, 54.3041396 ], [ -7.2066429, 54.3041 ], [ -7.1984495, 54.3094277 ], [ -7.1983634, 54.3103393 ], [ -7.1966807, 54.3108837 ], [ -7.1894797, 54.3113 ], [ -7.1831646, 54.3103326 ], [ -7.1795351, 54.3095518 ], [ -7.1791931, 54.3192026 ], [ -7.1821755, 54.3336391 ], [ -7.1876639, 54.3380745 ], [ -7.180938, 54.3396628 ], [ -7.1649218, 54.33653 ], [ -7.1523327, 54.3353816 ], [ -7.1441475, 54.3399091 ], [ -7.1408777, 54.34036 ], [ -7.1368185, 54.3444623 ], [ -7.1276692, 54.3457802 ], [ -7.1224347, 54.3511662 ], [ -7.110813, 54.3538882 ], [ -7.1030208, 54.356838 ], [ -7.1022097, 54.3604762 ], [ -7.1097578, 54.3681745 ], [ -7.104626, 54.3692041 ], [ -7.0850071, 54.3783933 ], [ -7.0829553, 54.3818409 ], [ -7.0710497, 54.3905454 ], [ -7.0685818, 54.3962305 ], [ -7.0563431, 54.407643 ], [ -7.0571622, 54.4105288 ], [ -7.0555772, 54.4103815 ], [ -7.0455303, 54.4145058 ], [ -7.0419201, 54.4163887 ], [ -7.0284373, 54.421067 ], [ -7.0218527, 54.4177819 ], [ -7.0194617, 54.4173011 ], [ -7.0164373, 54.413932 ], [ -7.0159045, 54.415145099999989 ], [ -7.0121074, 54.4164312 ], [ -7.0123108, 54.4154685 ], [ -7.0059069, 54.414206 ], [ -7.0005883, 54.4132345 ], [ -6.9987974, 54.4102377 ], [ -7.0014702, 54.4104766 ], [ -7.000557, 54.4069226 ], [ -6.9931048, 54.4058122 ], [ -6.9895764, 54.4076674 ], [ -6.9886548, 54.409307899999988 ], [ -6.9813009, 54.4089609 ], [ -6.9802341, 54.4080153 ], [ -6.9767278, 54.4046783 ], [ -6.9771684, 54.401056 ], [ -6.9727639, 54.4004181 ], [ -6.9651855, 54.4006798 ], [ -6.9588673, 54.3971766 ], [ -6.9587137, 54.392138 ], [ -6.9466561, 54.3907108 ], [ -6.9440569, 54.3911023 ], [ -6.9451584, 54.3868133 ], [ -6.9384681, 54.3835377 ], [ -6.9322294, 54.3843383 ], [ -6.9240107, 54.3823711 ], [ -6.9279162, 54.3817395 ], [ -6.9295146, 54.3798329 ], [ -6.933269, 54.37928 ], [ -6.9302121, 54.3758237 ], [ -6.926942, 54.3768883 ], [ -6.9261257, 54.3758737 ], [ -6.9216352, 54.3786071 ], [ -6.9111032, 54.374612 ], [ -6.9120554, 54.3730918 ], [ -6.9121077, 54.3716842 ], [ -6.9071634, 54.3688253 ], [ -6.9079756, 54.3676851 ], [ -6.910662, 54.3656966 ], [ -6.905523, 54.3610305 ], [ -6.9061525, 54.3503141 ], [ -6.8989064, 54.3503469 ], [ -6.8921142, 54.3507393 ], [ -6.8868189, 54.3472866 ], [ -6.8864611, 54.3460984 ], [ -6.8842878, 54.3471528 ], [ -6.8763712, 54.3466866 ], [ -6.8745429, 54.3382536 ], [ -6.8683956, 54.3308904 ], [ -6.8670686, 54.3315176 ], [ -6.8639485, 54.3299571 ], [ -6.8656823, 54.3266333 ], [ -6.8639086, 54.3212656 ], [ -6.8634104, 54.3157148 ], [ -6.8564247, 54.3135913 ], [ -6.8586563, 54.3073579 ], [ -6.8580068, 54.3032865 ], [ -6.8525321, 54.299693 ], [ -6.8513127, 54.2959702 ], [ -6.8521159, 54.2925146 ], [ -6.854749, 54.2900954 ], [ -6.8592583, 54.289179499999989 ], [ -6.8604441, 54.2860846 ], [ -6.858997, 54.2819383 ], [ -6.863193, 54.2815662 ], [ -6.8681318, 54.2831174 ], [ -6.8701509, 54.2875884 ], [ -6.8753768, 54.2869126 ], [ -6.8771001, 54.28383 ], [ -6.8746956, 54.2820056 ], [ -6.8777047, 54.2788461 ], [ -6.8717673, 54.2761705 ], [ -6.8698209, 54.2755778 ], [ -6.8654558, 54.2737153 ], [ -6.8659954, 54.2698792 ], [ -6.8551917, 54.2689004 ], [ -6.8522515, 54.2683073 ], [ -6.8505849, 54.2652138 ], [ -6.8434572, 54.2660307 ], [ -6.8403326, 54.2666396 ], [ -6.8380878, 54.2672136 ], [ -6.8313864, 54.2619837 ], [ -6.8272409, 54.2604529 ], [ -6.8293847, 54.2528552 ], [ -6.8275982, 54.2472493 ], [ -6.8193405, 54.2376494 ], [ -6.8180748, 54.2303015 ], [ -6.8159019, 54.2259511 ], [ -6.8161678, 54.2230084 ], [ -6.8080286, 54.2244166 ], [ -6.800956, 54.2201945 ], [ -6.8010169, 54.2131959 ], [ -6.7966905, 54.2126875 ], [ -6.7940737, 54.2087549 ], [ -6.7840557, 54.2057967 ], [ -6.7760639, 54.1991707 ], [ -6.7686547, 54.2005261 ], [ -6.7663268, 54.1986951 ], [ -6.7557597, 54.1987826 ], [ -6.7491411, 54.1916753 ], [ -6.745012, 54.185427 ], [ -6.7389128, 54.18161 ], [ -6.7336346, 54.1856901 ], [ -6.7237033, 54.1816332 ], [ -6.7213957, 54.182613 ], [ -6.7190561, 54.1882942 ], [ -6.7133483, 54.1922546 ], [ -6.7130643, 54.1954393 ], [ -6.7045515, 54.2000957 ], [ -6.6960249, 54.1991404 ], [ -6.6918594, 54.2002296 ], [ -6.6861778, 54.1943323 ], [ -6.6812972, 54.1933418 ], [ -6.6782401, 54.1954765 ], [ -6.6721036, 54.1922462 ], [ -6.6644344, 54.192561499999989 ], [ -6.6569928, 54.1846266 ], [ -6.647036, 54.1793619 ], [ -6.6439062, 54.1809883 ], [ -6.6460765, 54.1851387 ], [ -6.6548872, 54.2042875 ], [ -6.6531678, 54.2170585 ], [ -6.6529942, 54.2245542 ], [ -6.6569988, 54.2292999 ], [ -6.6572659, 54.2409835 ], [ -6.6559031, 54.2418365 ], [ -6.6547871, 54.2411593 ], [ -6.6507196, 54.2439965 ], [ -6.6486079, 54.246870799999989 ], [ -6.6414333, 54.2414512 ], [ -6.6399727, 54.245059 ], [ -6.6298608, 54.2496128 ], [ -6.6261499, 54.2503554 ], [ -6.6252138, 54.2524797 ], [ -6.6125979, 54.2477875 ], [ -6.6110953, 54.2463569 ], [ -6.6089133, 54.2467426 ], [ -6.6091972, 54.2491299 ], [ -6.5905201, 54.2519596 ], [ -6.5831562, 54.2614102 ], [ -6.5694822, 54.2542732 ], [ -6.5536256, 54.2599978 ], [ -6.5496911, 54.2585836 ], [ -6.5480921, 54.248537 ], [ -6.5442088, 54.2429949 ], [ -6.5412461, 54.2407255 ], [ -6.5307097, 54.2464925 ], [ -6.518565, 54.2491154 ], [ -6.5137776, 54.252429 ], [ -6.5100389, 54.2517676 ], [ -6.5094074, 54.2572683 ], [ -6.5026421, 54.2584314 ], [ -6.5021134, 54.2575337 ], [ -6.4887197, 54.2598039 ], [ -6.4886749, 54.2618255 ], [ -6.4768328, 54.2552197 ], [ -6.4753682, 54.2510853 ], [ -6.4740415, 54.2501444 ], [ -6.4667418, 54.2549964 ], [ -6.4608837, 54.251934 ], [ -6.4513833, 54.255712699999989 ], [ -6.4502208, 54.2570488 ], [ -6.439555, 54.2481555 ], [ -6.421346, 54.2393653 ], [ -6.4062526, 54.2328162 ], [ -6.402241, 54.2355724 ], [ -6.401766, 54.2403312 ], [ -6.4015797, 54.245178 ], [ -6.4061134, 54.2501008 ], [ -6.3993292, 54.2526283 ], [ -6.3894089, 54.2515928 ], [ -6.3811523, 54.2555103 ], [ -6.3768713, 54.2505663 ], [ -6.3745138, 54.2502906 ], [ -6.3744855, 54.2488625 ], [ -6.3649102, 54.253123 ], [ -6.3606853, 54.2620647 ], [ -6.3661685, 54.2655811 ], [ -6.373526, 54.2658528 ], [ -6.3751529, 54.2676385 ], [ -6.3853572, 54.2719482 ], [ -6.3941194, 54.2727853 ], [ -6.3943365, 54.2810282 ], [ -6.3850688, 54.2849484 ], [ -6.3836001, 54.2876709 ], [ -6.3768726, 54.287165 ], [ -6.3760409, 54.2921869 ], [ -6.3813133, 54.2907927 ], [ -6.3809766, 54.295044399999988 ], [ -6.3846542, 54.2955502 ], [ -6.3857728, 54.3030363 ], [ -6.375503, 54.3059428 ], [ -6.3733561, 54.3078121 ], [ -6.3665074, 54.3066027 ], [ -6.3607283, 54.3144601 ], [ -6.3642967, 54.3207999 ], [ -6.3657922, 54.3277959 ], [ -6.3637109, 54.3390171 ], [ -6.3654964, 54.3458776 ], [ -6.3751903, 54.3521107 ], [ -6.3782792, 54.3575836 ], [ -6.3845465, 54.3690824 ], [ -6.3856866, 54.3722676 ], [ -6.3891033, 54.3736779 ], [ -6.3919227, 54.3706966 ], [ -6.3984066, 54.371663 ], [ -6.4004853, 54.3752436 ], [ -6.4044255, 54.3749201 ], [ -6.4114616, 54.3727794 ], [ -6.4153234, 54.370713 ], [ -6.4187661, 54.3691764 ], [ -6.4216911, 54.3728154 ], [ -6.4245884, 54.3757547 ], [ -6.4250068, 54.3784803 ], [ -6.4336338, 54.3782327 ], [ -6.4375419, 54.3795947 ], [ -6.4410698, 54.3837142 ], [ -6.443451, 54.3812488 ], [ -6.4435613, 54.3760084 ], [ -6.4489295, 54.3750953 ], [ -6.4549498, 54.3802846 ], [ -6.4601998, 54.3790589 ], [ -6.4666494, 54.381088 ], [ -6.4678589, 54.384434899999988 ], [ -6.4805167, 54.391384599999988 ], [ -6.4810139, 54.3970485 ], [ -6.4862308, 54.3966395 ], [ -6.4868314, 54.3986333 ], [ -6.4816938, 54.4006821 ], [ -6.489982, 54.416806 ], [ -6.536394, 54.4146425 ], [ -6.539802, 54.4140522 ], [ -6.5415315, 54.42264 ], [ -6.5462915, 54.4260572 ], [ -6.5509118, 54.4277201 ], [ -6.554518, 54.4413667 ], [ -6.5598009, 54.4444209 ], [ -6.5526365, 54.4484874 ], [ -6.5478397, 54.4484248 ], [ -6.5428585, 54.4586069 ], [ -6.5464385, 54.4727097 ], [ -6.5479134, 54.4810122 ], [ -6.5395357, 54.4816938 ], [ -6.5472726, 54.4869979 ], [ -6.5492256, 54.4975011 ], [ -6.5468093, 54.5022212 ], [ -6.5500975, 54.5033262 ], [ -6.5548959, 54.5061935 ], [ -6.5581167, 54.5107059 ], [ -6.5682885, 54.5102223 ], [ -6.5692496, 54.5139417 ], [ -6.5620552, 54.5160633 ], [ -6.5640798, 54.5193515 ], [ -6.5672914, 54.5197721 ], [ -6.5697065, 54.5181011 ], [ -6.5747265, 54.5195809 ], [ -6.5770486, 54.5185269 ], [ -6.5803004, 54.5209574 ], [ -6.5830181, 54.5223582 ], [ -6.5892053, 54.5274502 ], [ -6.5928887, 54.5313446 ], [ -6.5974021, 54.529536 ], [ -6.5995639, 54.5294289 ], [ -6.6035078, 54.5295824 ], [ -6.6087937, 54.5377222 ], [ -6.6023183, 54.543091 ], [ -6.5979086, 54.5435149 ], [ -6.5996412, 54.5463222 ], [ -6.5971846, 54.5577592 ], [ -6.5972485, 54.5588659 ], [ -6.5935225, 54.5625988 ], [ -6.5901102, 54.5647269 ], [ -6.5678365, 54.5706154 ], [ -6.5677893, 54.571534 ], [ -6.5655747, 54.5728208 ], [ -6.5582267, 54.5724714 ], [ -6.5586333, 54.573861799999989 ], [ -6.5601917, 54.5764006 ], [ -6.5601067, 54.579025 ], [ -6.566065, 54.5800254 ], [ -6.565338, 54.5830029 ], [ -6.578651, 54.5816357 ], [ -6.5861925, 54.5841011 ], [ -6.5871624, 54.5863133 ], [ -6.5954655, 54.5894551 ], [ -6.6019457, 54.5932295 ], [ -6.6007753, 54.5966933 ], [ -6.6057591, 54.5984283 ], [ -6.6048098, 54.605212699999989 ], [ -6.606894, 54.6063913 ], [ -6.6235954, 54.5971283 ], [ -6.6284761, 54.5932518 ], [ -6.6465094, 54.5949933 ], [ -6.6614923, 54.5938534 ], [ -6.6576494, 54.6152195 ], [ -6.6802797, 54.6188211 ], [ -6.6901671, 54.6257246 ], [ -6.6969932, 54.6274136 ], [ -6.7057375, 54.6271728 ], [ -6.7030438, 54.6238993 ], [ -6.7038444, 54.6213659 ], [ -6.703695, 54.615804 ], [ -6.712368, 54.6128556 ], [ -6.7114954, 54.607184 ], [ -6.7154528, 54.6058058 ], [ -6.7228414, 54.5994143 ], [ -6.7267743, 54.601928 ], [ -6.7359856, 54.6002904 ], [ -6.7378249, 54.594536 ], [ -6.7466651, 54.597892 ], [ -6.7546241, 54.5969287 ], [ -6.7598373, 54.5979205 ], [ -6.7664408, 54.594359 ], [ -6.7717824, 54.5955757 ], [ -6.7861144, 54.5935462 ], [ -6.7900799, 54.5935284 ], [ -6.7956562, 54.5856736 ], [ -6.8101365, 54.5773079 ], [ -6.8186346, 54.5810523 ], [ -6.8222668, 54.5787641 ], [ -6.8307689, 54.5789115 ], [ -6.8387745, 54.5740642 ], [ -6.8473668, 54.573089 ], [ -6.8492004, 54.5714688 ], [ -6.8531719, 54.5669252 ], [ -6.8640451, 54.572528399999989 ], [ -6.8691253, 54.5695319 ], [ -6.8705725, 54.5654057 ], [ -6.8777776, 54.5644719 ], [ -6.8806045, 54.5576737 ], [ -6.882408, 54.5537732 ], [ -6.8955298, 54.5525541 ], [ -6.899678, 54.5508209 ], [ -6.9084526, 54.5545002 ], [ -6.923757, 54.53848 ], [ -6.925765, 54.5365099 ], [ -6.9370546, 54.5388168 ], [ -6.9556815, 54.5403607 ], [ -6.9590429, 54.5388779 ], [ -6.9684045, 54.5469259 ], [ -6.9677315, 54.5485873 ], [ -6.9727088, 54.5477888 ], [ -6.9753393, 54.543386 ], [ -6.9900409, 54.535727 ], [ -6.9945634, 54.5358418 ], [ -6.9989862, 54.5322761 ], [ -7.0055967, 54.5287811 ], [ -7.0085813, 54.5247935 ], [ -7.0168067, 54.5253344 ], [ -7.0226923, 54.5241893 ], [ -7.0298307, 54.5253282 ], [ -7.0368237, 54.5188319 ], [ -7.0389356, 54.5173593 ], [ -7.0384009, 54.5138186 ], [ -7.0400065, 54.5104983 ], [ -7.0395179, 54.5055263 ], [ -7.0446051, 54.505995 ], [ -7.0474832, 54.514793 ], [ -7.0684719, 54.5303813 ], [ -7.0656595, 54.5329843 ], [ -7.0782809, 54.5424316 ], [ -7.0875936, 54.5461955 ], [ -7.0921669, 54.5458548 ], [ -7.0944431, 54.5406943 ], [ -7.1020291, 54.5374949 ], [ -7.1030214, 54.5348402 ], [ -7.1068255, 54.5355498 ], [ -7.1100921, 54.5315371 ], [ -7.1158495, 54.5269057 ], [ -7.1182663, 54.5217995 ], [ -7.1223057, 54.5185243 ], [ -7.1316767, 54.512343 ], [ -7.1373329, 54.5129309 ], [ -7.1389661, 54.5148194 ], [ -7.1484267, 54.5155639 ], [ -7.15152, 54.5158687 ], [ -7.1452228, 54.5097096 ], [ -7.1471509, 54.5035109 ], [ -7.1376963, 54.4991269 ], [ -7.1319027, 54.4987576 ], [ -7.1334106, 54.4900181 ], [ -7.1361818, 54.489163 ], [ -7.1660876, 54.5029621 ], [ -7.1695375, 54.4981654 ], [ -7.1896382, 54.4999426 ], [ -7.1945107, 54.4991467 ], [ -7.1974512, 54.4836104 ], [ -7.2137585, 54.4821109 ], [ -7.2212166, 54.4798707 ], [ -7.2113305, 54.4671377 ], [ -7.2167462, 54.4671987 ], [ -7.2157126, 54.4652231 ], [ -7.2225813, 54.4649295 ], [ -7.2292897, 54.4581792 ], [ -7.2338571, 54.4586632 ], [ -7.2364232, 54.4546784 ], [ -7.2414973, 54.4558742 ], [ -7.2529841, 54.4510079 ], [ -7.2630234, 54.455663 ], [ -7.2654966, 54.458299 ], [ -7.2724385, 54.460381 ], [ -7.2696213, 54.4547355 ], [ -7.2745895, 54.4529862 ], [ -7.2775177, 54.4504014 ], [ -7.2867843, 54.4508244 ], [ -7.2879235, 54.4483572 ], [ -7.2854401, 54.446796 ], [ -7.2920242, 54.4454966 ], [ -7.2965649, 54.4436066 ], [ -7.2979653, 54.4440722 ], [ -7.3164811, 54.4425096 ], [ -7.3214584, 54.4448253 ], [ -7.3262664, 54.4438138 ], [ -7.3287382, 54.4445451 ], [ -7.3432968, 54.4433096 ], [ -7.3713167, 54.4372374 ], [ -7.3772675, 54.4368767 ], [ -7.3831055, 54.4391986 ], [ -7.3874928, 54.4385509 ], [ -7.3904229, 54.4420889 ], [ -7.398368, 54.4403965 ], [ -7.4023879, 54.4408296 ], [ -7.4115866, 54.4407738 ], [ -7.4267959, 54.442733 ], [ -7.4212935, 54.4394107 ], [ -7.4263367, 54.4327199 ], [ -7.4477404, 54.4256152 ], [ -7.460582, 54.4236933 ], [ -7.4749003, 54.4195164 ], [ -7.484574, 54.4156202 ], [ -7.4931934, 54.4136627 ], [ -7.4703081, 54.4018176 ], [ -7.464458, 54.3983783 ], [ -7.4513759, 54.3850551 ], [ -7.4663761, 54.3700301 ], [ -7.4615319, 54.3546041 ], [ -7.4631908, 54.3489928 ], [ -7.4615844, 54.344806 ], [ -7.4558327, 54.3478233 ], [ -7.4502917, 54.3496238 ], [ -7.4495763, 54.3534131 ], [ -7.4504833, 54.355789 ], [ -7.4373651, 54.3620049 ], [ -7.435708, 54.3619934 ], [ -7.4400948, 54.3677518 ], [ -7.4299556, 54.3733868 ], [ -7.4182173, 54.3694329 ], [ -7.4105632, 54.3708417 ], [ -7.4096177, 54.3774021 ], [ -7.4056809, 54.3792711 ], [ -7.4055883, 54.3822628 ], [ -7.3996565, 54.3815675 ], [ -7.3981941, 54.3857326 ], [ -7.3986113, 54.3875996 ], [ -7.39221, 54.3924033 ], [ -7.3887852, 54.3908272 ], [ -7.3834733, 54.3931751 ], [ -7.3758, 54.3887513 ], [ -7.3630289, 54.390483 ], [ -7.3576082, 54.3892776 ], [ -7.3542105, 54.3909978 ], [ -7.3578393, 54.3931174 ] ] ] ] } },
{ "type": "Feature", "properties": { "Federation": "Causeway", "HSCT": "WHSCT" }, "geometry": { "type": "MultiPolygon", "coordinates": [ [ [ [ -6.1941444, 55.2902519 ], [ -6.1904044, 55.2885937 ], [ -6.1899079, 55.2844242 ], [ -6.1976471, 55.280044399999987 ], [ -6.200414, 55.2747226 ], [ -6.1984473, 55.2657362 ], [ -6.1930926, 55.2611813 ], [ -6.1910725, 55.2607152 ], [ -6.1905254, 55.2585009 ], [ -6.187255, 55.2623113 ], [ -6.1853757, 55.2630216 ], [ -6.181396, 55.2670511 ], [ -6.1821629, 55.2705023 ], [ -6.1802209, 55.2722723 ], [ -6.1809576, 55.2799447 ], [ -6.1792231, 55.2814295 ], [ -6.1768387, 55.2824716 ], [ -6.1767057, 55.2842983 ], [ -6.1762498, 55.2881448 ], [ -6.1754263, 55.2892668 ], [ -6.1735101, 55.2920336 ], [ -6.1733792, 55.2932116 ], [ -6.1677806, 55.2982844 ], [ -6.1715888, 55.3018149 ], [ -6.1809532, 55.3036397 ], [ -6.1941006, 55.3056819 ], [ -6.2004663, 55.3069654 ], [ -6.2035681, 55.3061154 ], [ -6.2051625, 55.3061497 ], [ -6.2083356, 55.3059805 ], [ -6.2109761, 55.3062732 ], [ -6.2254819, 55.3077887 ], [ -6.2271694, 55.3087073 ], [ -6.2285618, 55.309184699999989 ], [ -6.2390726, 55.3121129 ], [ -6.2407596, 55.3120192 ], [ -6.2432529, 55.3120891 ], [ -6.2445613, 55.3115792 ], [ -6.2451501, 55.3096737 ], [ -6.2477545, 55.3099152 ], [ -6.2531805, 55.3097942 ], [ -6.2569434, 55.3105584 ], [ -6.2588013, 55.3069317 ], [ -6.2671551, 55.3055638 ], [ -6.2695863, 55.3065503 ], [ -6.27812, 55.3019785 ], [ -6.280796, 55.2994651 ], [ -6.2812648, 55.2982775 ], [ -6.2862724, 55.2949849 ], [ -6.2854739, 55.2941913 ], [ -6.28243, 55.2924419 ], [ -6.269578, 55.2922676 ], [ -6.2677942, 55.292736299999987 ], [ -6.2660406, 55.2928915 ], [ -6.261708, 55.2902031 ], [ -6.2238281, 55.2958266 ], [ -6.1981714, 55.2929024 ], [ -6.1954825, 55.2912917 ], [ -6.1965372, 55.292948 ], [ -6.1949577, 55.292733 ], [ -6.1933777, 55.2926962 ], [ -6.1941444, 55.2902519 ] ] ], [ [ [ -6.725003, 55.1730744 ], [ -6.7612107, 55.1681697 ], [ -6.7694447, 55.168237 ], [ -6.7720335, 55.171745799999989 ], [ -6.7742407, 55.1709389 ], [ -6.7753156, 55.1692156 ], [ -6.7965069, 55.1683761 ], [ -6.7981146, 55.1681355 ], [ -6.8127249, 55.1678609 ], [ -6.8513487, 55.1668225 ], [ -6.8941664, 55.1706294 ], [ -6.9231065, 55.1773921 ], [ -6.9548755, 55.1933855 ], [ -6.9665715, 55.1944336 ], [ -6.9650138, 55.191317299999987 ], [ -6.9603054, 55.1773148 ], [ -6.9699948, 55.1471254 ], [ -6.9752639, 55.1387803 ], [ -6.9895002, 55.1160449 ], [ -6.9620986, 55.1160107 ], [ -6.9532124, 55.1179038 ], [ -6.9503567, 55.1163182 ], [ -6.9510128, 55.113004399999987 ], [ -6.9394403, 55.1044293 ], [ -6.9364144, 55.0874518 ], [ -6.9371301, 55.0818446 ], [ -6.9245829, 55.0694074 ], [ -6.9057654, 55.0782454 ], [ -6.8918223, 55.0819386 ], [ -6.8352307, 55.1009889 ], [ -6.817237, 55.1033114 ], [ -6.8128993, 55.0952845 ], [ -6.8044733, 55.0682206 ], [ -6.8114219, 55.0590914 ], [ -6.8172889, 55.0272656 ], [ -6.8159108, 55.014784 ], [ -6.8098016, 55.0066068 ], [ -6.8115513, 55.0012487 ], [ -6.7972102, 54.9966451 ], [ -6.785737, 54.9979731 ], [ -6.7826766, 54.997013599999988 ], [ -6.7915086, 54.9867651 ], [ -6.7952499, 54.9848962 ], [ -6.7922121, 54.9782 ], [ -6.8025986, 54.9748279 ], [ -6.7991688, 54.9674161 ], [ -6.7952164, 54.9652992 ], [ -6.7882886, 54.9642123 ], [ -6.7907399, 54.9563191 ], [ -6.790427, 54.9549393 ], [ -6.7875025, 54.9545575 ], [ -6.7857849, 54.9480317 ], [ -6.7857434, 54.9455212 ], [ -6.7831813, 54.9386836 ], [ -6.7827792, 54.9320199 ], [ -6.7843813, 54.920129 ], [ -6.7749632, 54.9145958 ], [ -6.7609413, 54.9197993 ], [ -6.7542052, 54.921673 ], [ -6.7377822, 54.9260938 ], [ -6.7381235, 54.9281 ], [ -6.7207972, 54.9307802 ], [ -6.7065797, 54.9310785 ], [ -6.7020912, 54.9261626 ], [ -6.701125, 54.9228984 ], [ -6.6955391, 54.9186881 ], [ -6.6894012, 54.9165759 ], [ -6.6800345, 54.9198371 ], [ -6.6727924, 54.9186766 ], [ -6.6674473, 54.919973399999989 ], [ -6.6654194, 54.9115417 ], [ -6.6671524, 54.9099137 ], [ -6.6648517, 54.909082 ], [ -6.6605613, 54.9101447 ], [ -6.6522927, 54.9036141 ], [ -6.6427077, 54.902752 ], [ -6.6217655, 54.8878836 ], [ -6.6273679, 54.8850263 ], [ -6.6203559, 54.8801763 ], [ -6.615885, 54.8779217 ], [ -6.6041536, 54.8828094 ], [ -6.597372, 54.878272 ], [ -6.5733776, 54.8884433 ], [ -6.580308, 54.8954498 ], [ -6.553318, 54.9009146 ], [ -6.5520787, 54.920762 ], [ -6.5507772, 54.9327124 ], [ -6.5463664, 54.9367675 ], [ -6.5406084, 54.9329355 ], [ -6.5373512, 54.9340531 ], [ -6.5416627, 54.9382651 ], [ -6.5394466, 54.9428948 ], [ -6.5369279, 54.951883599999988 ], [ -6.5217681, 54.9430135 ], [ -6.517094, 54.9390408 ], [ -6.5003308, 54.9191592 ], [ -6.4927576, 54.9204126 ], [ -6.4893187, 54.9218372 ], [ -6.4836066, 54.9197389 ], [ -6.4781046, 54.922282 ], [ -6.4752767, 54.9216637 ], [ -6.4678876, 54.9248415 ], [ -6.4638543, 54.9221243 ], [ -6.4594539, 54.9228021 ], [ -6.449948, 54.923939 ], [ -6.4423215, 54.921239 ], [ -6.4291304, 54.9167474 ], [ -6.4231716, 54.9166341 ], [ -6.4283286, 54.9361353 ], [ -6.4099882, 54.9384239 ], [ -6.4011586, 54.9323779 ], [ -6.3873573, 54.9357745 ], [ -6.378995, 54.9420557 ], [ -6.3751197, 54.9425934 ], [ -6.3586095, 54.9307397 ], [ -6.362603, 54.9287605 ], [ -6.362319, 54.9222672 ], [ -6.3635881, 54.9213327 ], [ -6.3622355, 54.9194162 ], [ -6.3650546, 54.9176352 ], [ -6.3600896, 54.9155531 ], [ -6.3551866, 54.9098171 ], [ -6.3504554, 54.9081774 ], [ -6.3393327, 54.9298442 ], [ -6.3353321, 54.9425396 ], [ -6.329353, 54.938547 ], [ -6.3235238, 54.9325829 ], [ -6.3149989, 54.937251 ], [ -6.3097985, 54.9410624 ], [ -6.2898744, 54.9466928 ], [ -6.2847699, 54.9515058 ], [ -6.2763437, 54.9482169 ], [ -6.2637559, 54.9512145 ], [ -6.2516365, 54.9428866 ], [ -6.2289807, 54.9594159 ], [ -6.2249199, 54.9637712 ], [ -6.2187987, 54.9628575 ], [ -6.2116182, 54.9660329 ], [ -6.2046846, 54.9792948 ], [ -6.1854457, 54.9903888 ], [ -6.1798725, 54.9933388 ], [ -6.1751765, 54.9996218 ], [ -6.1571606, 55.0035726 ], [ -6.1532545, 55.007921 ], [ -6.1553779, 55.0118702 ], [ -6.158041, 55.012663 ], [ -6.1561908, 55.0194974 ], [ -6.1667185, 55.0312747 ], [ -6.1854633, 55.0360667 ], [ -6.1867153, 55.0377452 ], [ -6.1877578, 55.0423364 ], [ -6.1956404, 55.0494517 ], [ -6.189669, 55.05192 ], [ -6.1790783, 55.0666105 ], [ -6.1768284, 55.0803972 ], [ -6.1801394, 55.0820021 ], [ -6.1635748, 55.0920383 ], [ -6.1611341, 55.0958207 ], [ -6.1873337, 55.1083269 ], [ -6.1859046, 55.1151783 ], [ -6.1799658, 55.1205109 ], [ -6.1859387, 55.1286505 ], [ -6.1763761, 55.1272507 ], [ -6.1431118, 55.1340622 ], [ -6.0934827, 55.1488087 ], [ -6.1098691, 55.172235099999988 ], [ -6.1082944, 55.1726765 ], [ -6.1119847, 55.1844249 ], [ -6.1020787, 55.189487 ], [ -6.1003511, 55.1954266 ], [ -6.086417, 55.198068 ], [ -6.0799851, 55.1966864 ], [ -6.076418, 55.198547 ], [ -6.0905252, 55.2043727 ], [ -6.1071114, 55.2101464 ], [ -6.1162957, 55.2096108 ], [ -6.1217538, 55.2147101 ], [ -6.1304359, 55.2200502 ], [ -6.1388281, 55.2262968 ], [ -6.1496773, 55.2278474 ], [ -6.160487, 55.2250809 ], [ -6.1739382, 55.2161533 ], [ -6.1750982, 55.2154003 ], [ -6.1890873, 55.2114602 ], [ -6.1906471, 55.2116042 ], [ -6.1922295, 55.211274 ], [ -6.2040658, 55.2113358 ], [ -6.2115887, 55.2078564 ], [ -6.2201937, 55.2067476 ], [ -6.23527, 55.204416599999988 ], [ -6.2369904, 55.2045064 ], [ -6.2394044, 55.205859 ], [ -6.239895, 55.2068734 ], [ -6.2396364, 55.2081255 ], [ -6.2507574, 55.2122114 ], [ -6.2535648, 55.212377499999988 ], [ -6.2552675, 55.2123608 ], [ -6.2584962, 55.2126616 ], [ -6.2600111, 55.2130408 ], [ -6.2627635, 55.2147762 ], [ -6.2665177, 55.2168759 ], [ -6.2735686, 55.2214877 ], [ -6.2867482, 55.2245111 ], [ -6.2908244, 55.2285308 ], [ -6.2912904, 55.2300057 ], [ -6.2956925, 55.2315169 ], [ -6.3007699, 55.2298911 ], [ -6.3065317, 55.2302669 ], [ -6.3076967, 55.2295943 ], [ -6.3152608, 55.2309178 ], [ -6.3160065, 55.2317201 ], [ -6.317207, 55.2323251 ], [ -6.3287466, 55.2362182 ], [ -6.3338384, 55.2393211 ], [ -6.3472283, 55.2395054 ], [ -6.3516848, 55.2426158 ], [ -6.3605142, 55.241216 ], [ -6.3647827, 55.2439836 ], [ -6.3668226, 55.2451677 ], [ -6.3683368, 55.244669 ], [ -6.3679682, 55.2458339 ], [ -6.3695015, 55.2454458 ], [ -6.3710031, 55.2447589 ], [ -6.371097, 55.2437996 ], [ -6.3744484, 55.2422243 ], [ -6.3760634, 55.2421986 ], [ -6.3813411, 55.2419754 ], [ -6.3895346, 55.2354699 ], [ -6.4076452, 55.2323221 ], [ -6.4152876, 55.234476799999989 ], [ -6.4158838, 55.2363223 ], [ -6.4160494, 55.2372319 ], [ -6.4175692, 55.2375324 ], [ -6.419062, 55.2371774 ], [ -6.4224599, 55.2374088 ], [ -6.4257327, 55.2375328 ], [ -6.4266506, 55.2367938 ], [ -6.4272766, 55.2377631 ], [ -6.4288541, 55.2375828 ], [ -6.4316306, 55.2378877 ], [ -6.4365937, 55.2386393 ], [ -6.4373916, 55.237282 ], [ -6.4396119, 55.2381149 ], [ -6.4410453, 55.2389037 ], [ -6.4420466, 55.2396579 ], [ -6.4474941, 55.2384304 ], [ -6.4484745, 55.2392794 ], [ -6.4503253, 55.2391847 ], [ -6.453907, 55.2401062 ], [ -6.4547562, 55.2391063 ], [ -6.4582779, 55.2415842 ], [ -6.4587126, 55.242613399999989 ], [ -6.4611636, 55.2424304 ], [ -6.4631135, 55.2481245 ], [ -6.4657641, 55.2477251 ], [ -6.4688627, 55.2501396 ], [ -6.4702299, 55.2506227 ], [ -6.4718488, 55.2514364 ], [ -6.4746929, 55.2513116 ], [ -6.4755924, 55.2520763 ], [ -6.4781017, 55.2509365 ], [ -6.4835557, 55.2520353 ], [ -6.4858705, 55.250728 ], [ -6.4896516, 55.2482693 ], [ -6.4910744, 55.2487417 ], [ -6.4934333, 55.2476196 ], [ -6.4961404, 55.2480448 ], [ -6.4979349, 55.2460539 ], [ -6.5011739, 55.2465659 ], [ -6.5034876, 55.2465197 ], [ -6.5042468, 55.2444499 ], [ -6.5057076, 55.24495 ], [ -6.5058572, 55.2408344 ], [ -6.5108769, 55.240507099999988 ], [ -6.5124249, 55.2395555 ], [ -6.5140018, 55.2383117 ], [ -6.5182874, 55.238932 ], [ -6.5175988, 55.2353421 ], [ -6.5248873, 55.2350018 ], [ -6.5316446, 55.2326212 ], [ -6.5312552, 55.2311804 ], [ -6.5316368, 55.2293292 ], [ -6.5278549, 55.2278782 ], [ -6.5330588, 55.2213967 ], [ -6.5376045, 55.2196921 ], [ -6.5392244, 55.2202123 ], [ -6.5408059, 55.2201944 ], [ -6.5450241, 55.2191632 ], [ -6.5450612, 55.216371 ], [ -6.5497745, 55.2162077 ], [ -6.5509596, 55.2175376 ], [ -6.5509909, 55.2189231 ], [ -6.5522163, 55.2197655 ], [ -6.5563375, 55.2175523 ], [ -6.557864, 55.2178293 ], [ -6.5615424, 55.2169722 ], [ -6.562617, 55.2176565 ], [ -6.564464, 55.2158064 ], [ -6.5668122, 55.2161177 ], [ -6.5693764, 55.2151244 ], [ -6.5738075, 55.2136788 ], [ -6.5773467, 55.2129318 ], [ -6.5836059, 55.2098663 ], [ -6.5949556, 55.207781 ], [ -6.5969803, 55.2077089 ], [ -6.6094913, 55.206036 ], [ -6.6308498, 55.2082033 ], [ -6.6479981, 55.2049648 ], [ -6.6507852, 55.2060524 ], [ -6.65219, 55.2084698 ], [ -6.6578895, 55.2130864 ], [ -6.6590552, 55.210992499999989 ], [ -6.6631324, 55.2118211 ], [ -6.6590375, 55.2065973 ], [ -6.6576231, 55.207748 ], [ -6.6562792, 55.2058056 ], [ -6.6557414, 55.2017465 ], [ -6.6613725, 55.1987722 ], [ -6.6697612, 55.199529 ], [ -6.6717456, 55.1992574 ], [ -6.6810014, 55.1982152 ], [ -6.6884508, 55.1961924 ], [ -6.691402, 55.1959131 ], [ -6.6942779, 55.1963448 ], [ -6.6943874, 55.1953946 ], [ -6.6996511, 55.1937013 ], [ -6.7034849, 55.1926518 ], [ -6.7059922, 55.1928181 ], [ -6.7074437, 55.193406 ], [ -6.7149038, 55.188483 ], [ -6.7202133, 55.1895827 ], [ -6.7219165, 55.1898731 ], [ -6.7218261, 55.1876531 ], [ -6.7206822, 55.1869931 ], [ -6.719378, 55.1845159 ], [ -6.7231522, 55.181778 ], [ -6.7235183, 55.1808616 ], [ -6.7248732, 55.1803968 ], [ -6.7253055, 55.1790801 ], [ -6.7256289, 55.1780383 ], [ -6.725003, 55.1730744 ] ] ] ] } },
{ "type": "Feature", "properties": { "Federation": "Craigavon", "HSCT": "SHSCT" }, "geometry": { "type": "MultiPolygon", "coordinates": [ [ [ [ -6.3891033, 54.3736779 ], [ -6.3845106, 54.3700135 ], [ -6.3808569, 54.3622989 ], [ -6.3782792, 54.3575836 ], [ -6.3732431, 54.3503388 ], [ -6.3654964, 54.3458776 ], [ -6.3637109, 54.3390171 ], [ -6.3645993, 54.3370795 ], [ -6.3584014, 54.331817799999989 ], [ -6.3615292, 54.3296491 ], [ -6.3534872, 54.323782 ], [ -6.3453346, 54.324482 ], [ -6.338592, 54.3257563 ], [ -6.3401637, 54.3333938 ], [ -6.3360904, 54.3399945 ], [ -6.3191088, 54.3477276 ], [ -6.3176977, 54.351307 ], [ -6.323126, 54.3574231 ], [ -6.3233314, 54.3651938 ], [ -6.3222416, 54.3703682 ], [ -6.3206295, 54.3739869 ], [ -6.3132812, 54.3771783 ], [ -6.3044523, 54.3796099 ], [ -6.2957567, 54.3778957 ], [ -6.2827758, 54.382107 ], [ -6.2719028, 54.3815553 ], [ -6.2672243, 54.3775106 ], [ -6.2622793, 54.3745389 ], [ -6.2599347, 54.3727392 ], [ -6.2571563, 54.3694149 ], [ -6.2540772, 54.3689192 ], [ -6.247177, 54.3636351 ], [ -6.2445158, 54.3629053 ], [ -6.2409945, 54.3610608 ], [ -6.2393932, 54.3617976 ], [ -6.2363553, 54.3600068 ], [ -6.2320767, 54.3598129 ], [ -6.2246282, 54.3628989 ], [ -6.2231429, 54.364005 ], [ -6.2182666, 54.3616548 ], [ -6.2171211, 54.3610476 ], [ -6.2104896, 54.3643976 ], [ -6.2103759, 54.3670484 ], [ -6.2075816, 54.3684729 ], [ -6.2009158, 54.3667505 ], [ -6.1975847, 54.3656754 ], [ -6.1918013, 54.3598011 ], [ -6.1835659, 54.3545077 ], [ -6.1776754, 54.356404 ], [ -6.1731131, 54.3585024 ], [ -6.1700845, 54.3584916 ], [ -6.1637816, 54.3636848 ], [ -6.1523016, 54.3542944 ], [ -6.1504691, 54.3479881 ], [ -6.1536289, 54.3421939 ], [ -6.152131, 54.3353875 ], [ -6.1672282, 54.3318262 ], [ -6.1697512, 54.3275362 ], [ -6.1669656, 54.325869 ], [ -6.1643797, 54.3214348 ], [ -6.158305, 54.3188061 ], [ -6.1539781, 54.3136391 ], [ -6.1586449, 54.3111728 ], [ -6.1654882, 54.3104104 ], [ -6.1619902, 54.3041555 ], [ -6.1670296, 54.2950956 ], [ -6.1709004, 54.2949099 ], [ -6.1673677, 54.2910887 ], [ -6.1558535, 54.2973461 ], [ -6.148957, 54.2988827 ], [ -6.1410151, 54.3077502 ], [ -6.1397052, 54.3161515 ], [ -6.1283792, 54.3350125 ], [ -6.1146906, 54.348984 ], [ -6.1160393, 54.3531044 ], [ -6.0884626, 54.3498678 ], [ -6.0868321, 54.3589087 ], [ -6.0795263, 54.367078 ], [ -6.1015897, 54.3738763 ], [ -6.0996872, 54.3750869 ], [ -6.0881531, 54.3790904 ], [ -6.0791091, 54.3798812 ], [ -6.0803149, 54.383781 ], [ -6.0760263, 54.3841417 ], [ -6.0708935, 54.3856874 ], [ -6.063878, 54.386016 ], [ -6.0644603, 54.3907998 ], [ -6.0642034, 54.3992555 ], [ -6.054661, 54.4005363 ], [ -6.0545134, 54.4030608 ], [ -6.0737056, 54.4109414 ], [ -6.0779148, 54.4095724 ], [ -6.0867292, 54.4104423 ], [ -6.0938929, 54.4183596 ], [ -6.1140788, 54.4251948 ], [ -6.1254322, 54.4350158 ], [ -6.1212892, 54.4401438 ], [ -6.1074372, 54.4478447 ], [ -6.1018699, 54.4583826 ], [ -6.1212834, 54.4575228 ], [ -6.1253829, 54.4574485 ], [ -6.1375354, 54.4640441 ], [ -6.1466231, 54.4633594 ], [ -6.1624517, 54.4661414 ], [ -6.1608478, 54.4744553 ], [ -6.1422377, 54.4723871 ], [ -6.1436214, 54.4755042 ], [ -6.1369635, 54.4817836 ], [ -6.1470115, 54.4858353 ], [ -6.1469599, 54.4884164 ], [ -6.1486887, 54.4921217 ], [ -6.1501321, 54.4965654 ], [ -6.1558367, 54.4992148 ], [ -6.1733244, 54.5010425 ], [ -6.1789341, 54.5030554 ], [ -6.1833978, 54.5034417 ], [ -6.1807175, 54.5067521 ], [ -6.1832264, 54.5074757 ], [ -6.1601735, 54.5174568 ], [ -6.1501729, 54.5170334 ], [ -6.1516588, 54.5294971 ], [ -6.1653486, 54.5304853 ], [ -6.1765079, 54.5341911 ], [ -6.1943595, 54.5360444 ], [ -6.2028366, 54.5386586 ], [ -6.2012954, 54.5437183 ], [ -6.2070999, 54.5454009 ], [ -6.2176615, 54.5483881 ], [ -6.2123856, 54.5410879 ], [ -6.2317488, 54.5407468 ], [ -6.2502036, 54.5434733 ], [ -6.251828, 54.5431008 ], [ -6.2518514, 54.5449873 ], [ -6.2562837, 54.5452814 ], [ -6.2532656, 54.5469572 ], [ -6.2566157, 54.5473607 ], [ -6.2595778, 54.5464418 ], [ -6.2612386, 54.5429909 ], [ -6.2587829, 54.5421838 ], [ -6.2622973, 54.5391493 ], [ -6.2672565, 54.5341543 ], [ -6.2740115, 54.5335542 ], [ -6.2770056, 54.5388602 ], [ -6.2748163, 54.5432297 ], [ -6.2777225, 54.5574322 ], [ -6.2915712, 54.5620773 ], [ -6.3049695, 54.5717783 ], [ -6.3094084, 54.571566 ], [ -6.3082706, 54.5619009 ], [ -6.3073217, 54.5596135 ], [ -6.314818, 54.560727 ], [ -6.323428, 54.560418 ], [ -6.3272063, 54.5608993 ], [ -6.3334424, 54.5550686 ], [ -6.3325817, 54.5539432 ], [ -6.3405572, 54.5525718 ], [ -6.3406523, 54.5485839 ], [ -6.3364091, 54.5462373 ], [ -6.3334857, 54.5463786 ], [ -6.3318507, 54.5463644 ], [ -6.3238669, 54.5497764 ], [ -6.3201624, 54.5438638 ], [ -6.3210625, 54.5427926 ], [ -6.3205402, 54.5419324 ], [ -6.3221394, 54.5418016 ], [ -6.3273855, 54.5416323 ], [ -6.3302925, 54.542218 ], [ -6.3313096, 54.5366066 ], [ -6.3349275, 54.5344153 ], [ -6.3348586, 54.5334621 ], [ -6.3365301, 54.5333015 ], [ -6.338886, 54.5299707 ], [ -6.3466951, 54.5289022 ], [ -6.3479071, 54.5295366 ], [ -6.3488198, 54.5308813 ], [ -6.3506875, 54.5335027 ], [ -6.3559058, 54.5320234 ], [ -6.3569625, 54.5290328 ], [ -6.3486301, 54.524753 ], [ -6.3488212, 54.5179787 ], [ -6.3508643, 54.5136199 ], [ -6.3416943, 54.5111634 ], [ -6.3408264, 54.5103178 ], [ -6.3363865, 54.5109901 ], [ -6.3348657, 54.5102203 ], [ -6.3342928, 54.505516 ], [ -6.3319649, 54.504457699999989 ], [ -6.3312769, 54.5034258 ], [ -6.3287113, 54.5022643 ], [ -6.33406, 54.500354 ], [ -6.3340245, 54.5015016 ], [ -6.3402494, 54.505246 ], [ -6.3423619, 54.5057663 ], [ -6.3442974, 54.4994838 ], [ -6.3485603, 54.4983299 ], [ -6.352646, 54.4978612 ], [ -6.3570169, 54.4964081 ], [ -6.3593864, 54.4973154 ], [ -6.3618175, 54.4983964 ], [ -6.3663248, 54.498716699999989 ], [ -6.3678475, 54.498509 ], [ -6.3688341, 54.4977738 ], [ -6.3692844, 54.498941 ], [ -6.3723428, 54.501591 ], [ -6.3736693, 54.5006817 ], [ -6.3721411, 54.499531 ], [ -6.3745318, 54.4992628 ], [ -6.3632479, 54.4935919 ], [ -6.3628272, 54.4906162 ], [ -6.3659552, 54.4894825 ], [ -6.367264, 54.4911424 ], [ -6.3689544, 54.4913637 ], [ -6.3733688, 54.4903225 ], [ -6.3817783, 54.4906403 ], [ -6.3827069, 54.4973409 ], [ -6.3841765, 54.4969926 ], [ -6.3872371, 54.4963278 ], [ -6.3882011, 54.4949979 ], [ -6.3892495, 54.4933862 ], [ -6.3897906, 54.492542 ], [ -6.3894991, 54.4881553 ], [ -6.3875729, 54.4877035 ], [ -6.3898504, 54.486312 ], [ -6.3967458, 54.4895151 ], [ -6.3970095, 54.4951355 ], [ -6.399017, 54.4930155 ], [ -6.4007964, 54.4899998 ], [ -6.4064198, 54.4869703 ], [ -6.4124648, 54.486185 ], [ -6.4132402, 54.488625799999987 ], [ -6.4106319, 54.4891157 ], [ -6.4114184, 54.4949111 ], [ -6.4117779, 54.4976314 ], [ -6.4140067, 54.4999057 ], [ -6.418647, 54.5111046 ], [ -6.4182276, 54.5140078 ], [ -6.4201324, 54.5157234 ], [ -6.4231849, 54.5140179 ], [ -6.4241956, 54.5131784 ], [ -6.4302149, 54.5099895 ], [ -6.431807, 54.5095095 ], [ -6.4370315, 54.5088575 ], [ -6.4364034, 54.5078772 ], [ -6.4390488, 54.5077431 ], [ -6.4415962, 54.5077215 ], [ -6.453439, 54.5088488 ], [ -6.4624681, 54.51149 ], [ -6.4650668, 54.5151589 ], [ -6.4636438, 54.5155669 ], [ -6.4670014, 54.5163858 ], [ -6.4710402, 54.5159723 ], [ -6.4767263, 54.5170926 ], [ -6.4803198, 54.5177258 ], [ -6.4791486, 54.5192376 ], [ -6.4858421, 54.5208444 ], [ -6.4841731, 54.5188736 ], [ -6.4853804, 54.5182653 ], [ -6.4901907, 54.5191789 ], [ -6.4964498, 54.5182266 ], [ -6.4995157, 54.5187407 ], [ -6.5008796, 54.5182258 ], [ -6.5030139, 54.5176858 ], [ -6.5103976, 54.5154043 ], [ -6.512434, 54.5125093 ], [ -6.5156682, 54.5102077 ], [ -6.5218461, 54.5052358 ], [ -6.5323789, 54.5073736 ], [ -6.5348456, 54.5113175 ], [ -6.5390618, 54.507232099999989 ], [ -6.5405403, 54.5076043 ], [ -6.541212, 54.5061997 ], [ -6.543934, 54.5067247 ], [ -6.5486116, 54.504676 ], [ -6.5500975, 54.5033262 ], [ -6.5468093, 54.5022212 ], [ -6.5493536, 54.4925969 ], [ -6.5472726, 54.4869979 ], [ -6.5395357, 54.4816938 ], [ -6.5479134, 54.4810122 ], [ -6.5428585, 54.4586069 ], [ -6.5478397, 54.4484248 ], [ -6.5559712, 54.4473706 ], [ -6.5592827, 54.4435164 ], [ -6.5535229, 54.4401567 ], [ -6.5509118, 54.4277201 ], [ -6.5444997, 54.4255467 ], [ -6.5390666, 54.4172605 ], [ -6.539802, 54.4140522 ], [ -6.5207738, 54.4156817 ], [ -6.489982, 54.416806 ], [ -6.4816938, 54.4006821 ], [ -6.4879985, 54.3980134 ], [ -6.48464, 54.396926 ], [ -6.4801855, 54.3961842 ], [ -6.4793861, 54.3901221 ], [ -6.4669401, 54.383708399999989 ], [ -6.4655572, 54.3803332 ], [ -6.4585051, 54.378888 ], [ -6.4549498, 54.3802846 ], [ -6.4489295, 54.3750953 ], [ -6.4435613, 54.3760084 ], [ -6.4425808, 54.3839518 ], [ -6.4377542, 54.380545899999987 ], [ -6.4364257, 54.3785468 ], [ -6.4289875, 54.3778943 ], [ -6.4250068, 54.3784803 ], [ -6.4232941, 54.3728979 ], [ -6.4188865, 54.3705628 ], [ -6.4170617, 54.3691363 ], [ -6.4135144, 54.3724339 ], [ -6.4065043, 54.3736125 ], [ -6.4031602, 54.3755324 ], [ -6.3989896, 54.3748689 ], [ -6.3964542, 54.3707074 ], [ -6.3919227, 54.3706966 ], [ -6.3891033, 54.3736779 ] ] ], [ [ [ -6.3760179, 54.4995828 ], [ -6.3754342, 54.5008641 ], [ -6.3774411, 54.4999558 ], [ -6.3760179, 54.4995828 ] ] ] ] } },
{ "type": "Feature", "properties": { "Federation": "Derry", "HSCT": "WHSCT" }, "geometry": { "type": "MultiPolygon", "coordinates": [ [ [ [ -6.8172889, 55.0272656 ], [ -6.8108207, 55.0615789 ], [ -6.8045329, 55.0691501 ], [ -6.8163024, 55.10246 ], [ -6.8274606, 55.1019096 ], [ -6.8467271, 55.0977015 ], [ -6.9026895, 55.0785579 ], [ -6.912574, 55.075673 ], [ -6.9245829, 55.0694074 ], [ -6.9377167, 55.0827053 ], [ -6.9366393, 55.0920544 ], [ -6.9400474, 55.105417 ], [ -6.951721, 55.1138332 ], [ -6.9503567, 55.1163182 ], [ -6.9553445, 55.118049 ], [ -6.9672341, 55.1153973 ], [ -6.9908747, 55.1151644 ], [ -6.9926186, 55.1136123 ], [ -6.9902872, 55.1103612 ], [ -6.9929046, 55.1092547 ], [ -6.9934002, 55.1073911 ], [ -6.998495, 55.1060412 ], [ -7.0110222, 55.1063301 ], [ -7.0214145, 55.0982113 ], [ -7.0236569, 55.0900098 ], [ -7.0167269, 55.0828302 ], [ -7.013669, 55.0775226 ], [ -7.0279111, 55.0663052 ], [ -7.0451133, 55.0576907 ], [ -7.044957, 55.0567505 ], [ -7.041716, 55.0530365 ], [ -7.0477195, 55.0512392 ], [ -7.0478074, 55.0524427 ], [ -7.0509865, 55.0505609 ], [ -7.0514111, 55.0495381 ], [ -7.0773519, 55.0462887 ], [ -7.0792183, 55.0465367 ], [ -7.0806246, 55.0461042 ], [ -7.0893159, 55.0448847 ], [ -7.0914414, 55.0459247 ], [ -7.1009035, 55.0433986 ], [ -7.1315337, 55.0421028 ], [ -7.1456464, 55.0454235 ], [ -7.1470624, 55.0467355 ], [ -7.1477026, 55.0502198 ], [ -7.1492147, 55.0570702 ], [ -7.1711561, 55.0603146 ], [ -7.1907512, 55.059943 ], [ -7.2135756, 55.0569635 ], [ -7.2178667, 55.05951 ], [ -7.2258593, 55.0609259 ], [ -7.2347229, 55.0525117 ], [ -7.2333994, 55.0480589 ], [ -7.2439768, 55.045945 ], [ -7.2459621, 55.0468102 ], [ -7.2453934, 55.0455465 ], [ -7.2484484, 55.0449289 ], [ -7.2514861, 55.0442065 ], [ -7.2538534, 55.0471393 ], [ -7.2542193, 55.0526565 ], [ -7.2470109, 55.0609198 ], [ -7.2455463, 55.0634195 ], [ -7.2503184, 55.0644028 ], [ -7.2531432, 55.0623258 ], [ -7.2547517, 55.0624451 ], [ -7.2560118, 55.0619068 ], [ -7.2553999, 55.0634247 ], [ -7.2565752, 55.0650268 ], [ -7.2549876, 55.0652098 ], [ -7.2566688, 55.0659389 ], [ -7.258048, 55.0664743 ], [ -7.2672772, 55.0657287 ], [ -7.2737467, 55.0617148 ], [ -7.2799918, 55.052679 ], [ -7.2887338, 55.0475693 ], [ -7.2995358, 55.0560772 ], [ -7.3146015, 55.0473295 ], [ -7.3203461, 55.0452849 ], [ -7.3379834, 55.0505825 ], [ -7.345888, 55.0501641 ], [ -7.3450892, 55.0493282 ], [ -7.3543826, 55.0460268 ], [ -7.3639525, 55.0382942 ], [ -7.3673635, 55.0376887 ], [ -7.3802471, 55.0270224 ], [ -7.3914412, 55.0217505 ], [ -7.3967179, 55.0135763 ], [ -7.4009142, 55.0080452 ], [ -7.4052439, 55.0030597 ], [ -7.3972448, 54.9989475 ], [ -7.3937865, 54.9993552 ], [ -7.3920773, 54.9960791 ], [ -7.3955124, 54.9932532 ], [ -7.4010256, 54.9883373 ], [ -7.403872, 54.984268799999988 ], [ -7.4065653, 54.9822732 ], [ -7.4040417, 54.9793838 ], [ -7.4048952, 54.9773483 ], [ -7.4007496, 54.9718151 ], [ -7.4052644, 54.9649247 ], [ -7.4068499, 54.9632868 ], [ -7.4021828, 54.9597333 ], [ -7.4071957, 54.9552382 ], [ -7.3957637, 54.9459098 ], [ -7.3941143, 54.9457006 ], [ -7.4063291, 54.9422 ], [ -7.4234966, 54.9433424 ], [ -7.4463771, 54.9359938 ], [ -7.4478009, 54.9210655 ], [ -7.4455285, 54.9101254 ], [ -7.4524812, 54.8980925 ], [ -7.4472531, 54.888054 ], [ -7.4418497, 54.8766234 ], [ -7.4465647, 54.8673836 ], [ -7.4563987, 54.8571704 ], [ -7.4561689, 54.8537203 ], [ -7.461513, 54.8532689 ], [ -7.4616944, 54.849153 ], [ -7.4700132, 54.8376645 ], [ -7.473637, 54.8334768 ], [ -7.4813053, 54.8308633 ], [ -7.4857205, 54.8230111 ], [ -7.5055015, 54.8147833 ], [ -7.5209538, 54.807727199999988 ], [ -7.5286292, 54.8073735 ], [ -7.5276724, 54.8028246 ], [ -7.5387593, 54.8010044 ], [ -7.5482823, 54.7886199 ], [ -7.5443912, 54.7853639 ], [ -7.5444607, 54.7778415 ], [ -7.5477853, 54.7720698 ], [ -7.5470408, 54.7604671 ], [ -7.5470729, 54.755052 ], [ -7.53743, 54.7495941 ], [ -7.5355289, 54.7476927 ], [ -7.5489385, 54.740612 ], [ -7.558835, 54.7452159 ], [ -7.578687, 54.7419244 ], [ -7.5759064, 54.7492426 ], [ -7.5832731, 54.7502762 ], [ -7.586743, 54.7496082 ], [ -7.5896442, 54.7438142 ], [ -7.6022534, 54.7453027 ], [ -7.6156331, 54.7435354 ], [ -7.6358691, 54.7512418 ], [ -7.6762863, 54.7330827 ], [ -7.6791797, 54.7308234 ], [ -7.6929338, 54.7280094 ], [ -7.6974669, 54.726306 ], [ -7.6973077, 54.7237452 ], [ -7.7047501, 54.725645199999988 ], [ -7.7118346, 54.7259805 ], [ -7.7322842, 54.7175571 ], [ -7.7350249, 54.7160374 ], [ -7.7422385, 54.7089945 ], [ -7.7466692, 54.704444599999988 ], [ -7.7530576, 54.7052828 ], [ -7.7544855, 54.7065626 ], [ -7.7550362, 54.7075901 ], [ -7.7613637, 54.7073577 ], [ -7.7773438, 54.7101945 ], [ -7.776473, 54.7127907 ], [ -7.7821956, 54.7174947 ], [ -7.7897798, 54.719653 ], [ -7.7982451, 54.7191065 ], [ -7.8056157, 54.7193384 ], [ -7.8078557, 54.721209 ], [ -7.8079385, 54.7227728 ], [ -7.8118498, 54.7247417 ], [ -7.8168323, 54.7307601 ], [ -7.817777, 54.7338384 ], [ -7.8257236, 54.7358577 ], [ -7.8361631, 54.7363332 ], [ -7.8577681, 54.724434 ], [ -7.8807233, 54.7027819 ], [ -7.8903641, 54.7033855 ], [ -7.8917908, 54.7030084 ], [ -7.8934267, 54.702587199999989 ], [ -7.8957542, 54.7006799 ], [ -7.90821, 54.7031867 ], [ -7.910848, 54.7009642 ], [ -7.9182493, 54.7023961 ], [ -7.9201924, 54.6954658 ], [ -7.9166609, 54.6954488 ], [ -7.9107594, 54.6923367 ], [ -7.908586, 54.6896402 ], [ -7.8988705, 54.6906676 ], [ -7.8991498, 54.684725899999989 ], [ -7.9140979, 54.6754163 ], [ -7.9083788, 54.6668545 ], [ -7.9041675, 54.6653498 ], [ -7.9028717, 54.6623087 ], [ -7.8922467, 54.6567221 ], [ -7.8834437, 54.6558715 ], [ -7.8727259, 54.6541968 ], [ -7.8563359, 54.6498 ], [ -7.8548881, 54.6413667 ], [ -7.8570249, 54.6387853 ], [ -7.8506637, 54.6350792 ], [ -7.8533688, 54.6330477 ], [ -7.8546732, 54.6319944 ], [ -7.8510466, 54.6307671 ], [ -7.8419324, 54.6338271 ], [ -7.8289131, 54.6329539 ], [ -7.8174357, 54.6406279 ], [ -7.8150408, 54.6422882 ], [ -7.8064691, 54.6373332 ], [ -7.8021047, 54.6337234 ], [ -7.7835261, 54.632945 ], [ -7.7790955, 54.6286704 ], [ -7.7709112, 54.6216248 ], [ -7.7589027, 54.6247098 ], [ -7.753838, 54.6185898 ], [ -7.7438302, 54.6200902 ], [ -7.7420153, 54.6181977 ], [ -7.7385883, 54.6200226 ], [ -7.7357975, 54.6235196 ], [ -7.7215755, 54.6276523 ], [ -7.7113003, 54.6321343 ], [ -7.7081784, 54.6348407 ], [ -7.7038993, 54.628981 ], [ -7.7058447, 54.6199479 ], [ -7.698482, 54.6185203 ], [ -7.6937829, 54.6185736 ], [ -7.6968503, 54.6110684 ], [ -7.7032349, 54.6090199 ], [ -7.6984149, 54.6077233 ], [ -7.6833218, 54.6144316 ], [ -7.6788678, 54.6151509 ], [ -7.6783919, 54.6160264 ], [ -7.6745985, 54.620195 ], [ -7.664041, 54.6216435 ], [ -7.6575338, 54.6260146 ], [ -7.6479633, 54.6271898 ], [ -7.6405883, 54.625895 ], [ -7.6390089, 54.6258448 ], [ -7.6317278, 54.6279224 ], [ -7.6187624, 54.6258541 ], [ -7.6170256, 54.6250846 ], [ -7.618194, 54.6303996 ], [ -7.6143774, 54.6326355 ], [ -7.5984171, 54.6340974 ], [ -7.5800669, 54.633288699999987 ], [ -7.5747732, 54.6296465 ], [ -7.5732004, 54.6296453 ], [ -7.5754322, 54.6343545 ], [ -7.5737173, 54.6407068 ], [ -7.5622284, 54.6471461 ], [ -7.550367, 54.6463542 ], [ -7.5525374, 54.6397607 ], [ -7.5480233, 54.639147 ], [ -7.5328598, 54.6418829 ], [ -7.5287324, 54.6452379 ], [ -7.5177547, 54.6486566 ], [ -7.511908, 54.6521947 ], [ -7.5106729, 54.6535743 ], [ -7.5047065, 54.651805 ], [ -7.4995791, 54.651366 ], [ -7.4938445, 54.6493393 ], [ -7.4853023, 54.6540299 ], [ -7.4796289, 54.6524191 ], [ -7.4784291, 54.6479703 ], [ -7.4639959, 54.6447787 ], [ -7.4602607, 54.6445269 ], [ -7.4582678, 54.6412008 ], [ -7.4482729, 54.6409121 ], [ -7.4480543, 54.6432769 ], [ -7.4470441, 54.6447628 ], [ -7.440553, 54.6470107 ], [ -7.441964, 54.6518409 ], [ -7.4354312, 54.6588728 ], [ -7.4255783, 54.6672712 ], [ -7.4166338, 54.6682965 ], [ -7.3994358, 54.6829777 ], [ -7.3955936, 54.6853611 ], [ -7.3912312, 54.6933129 ], [ -7.3708434, 54.6990218 ], [ -7.3540711, 54.7009753 ], [ -7.3639764, 54.7207473 ], [ -7.3729376, 54.7138442 ], [ -7.3786806, 54.7109614 ], [ -7.3849685, 54.7139325 ], [ -7.3897723, 54.7138034 ], [ -7.3880537, 54.7164666 ], [ -7.3924324, 54.7176872 ], [ -7.3908378, 54.7222578 ], [ -7.3898179, 54.7231593 ], [ -7.402611, 54.7282564 ], [ -7.4045347, 54.7298057 ], [ -7.4014009, 54.7406844 ], [ -7.3995906, 54.7430305 ], [ -7.4110499, 54.7531111 ], [ -7.4140888, 54.7559011 ], [ -7.4214456, 54.7575351 ], [ -7.4223027, 54.7649552 ], [ -7.4268377, 54.765705399999987 ], [ -7.4326473, 54.7740991 ], [ -7.4407428, 54.7788647 ], [ -7.4424427, 54.7839654 ], [ -7.4285993, 54.7841212 ], [ -7.4225128, 54.7877228 ], [ -7.4236165, 54.788663199999988 ], [ -7.4178495, 54.7908786 ], [ -7.4166622, 54.7993027 ], [ -7.4085594, 54.800219 ], [ -7.4076774, 54.8027375 ], [ -7.3956079, 54.8048627 ], [ -7.3813052, 54.8083202 ], [ -7.3771467, 54.8185339 ], [ -7.3842684, 54.8297824 ], [ -7.3837476, 54.8319407 ], [ -7.3638278, 54.8324101 ], [ -7.354239, 54.8231844 ], [ -7.3442932, 54.8213575 ], [ -7.3270457, 54.8186945 ], [ -7.3162749, 54.8174557 ], [ -7.3112504, 54.8182443 ], [ -7.2993196, 54.816914499999989 ], [ -7.295776, 54.8110117 ], [ -7.2879921, 54.8030628 ], [ -7.2822516, 54.7976958 ], [ -7.2722193, 54.7853797 ], [ -7.2659491, 54.7791473 ], [ -7.2612263, 54.7736965 ], [ -7.2548618, 54.7699777 ], [ -7.2536866, 54.7750258 ], [ -7.2566259, 54.7819049 ], [ -7.2492771, 54.7985803 ], [ -7.2380059, 54.8044085 ], [ -7.235048, 54.8116427 ], [ -7.2267696, 54.8241291 ], [ -7.2203031, 54.8214301 ], [ -7.1921791, 54.8282868 ], [ -7.1830622, 54.8278666 ], [ -7.1690366, 54.8357319 ], [ -7.1578246, 54.8474386 ], [ -7.1429437, 54.842779899999989 ], [ -7.1399905, 54.8389433 ], [ -7.1224828, 54.8277748 ], [ -7.1011066, 54.8237622 ], [ -7.0895147, 54.8290151 ], [ -7.0754787, 54.8310092 ], [ -7.0851374, 54.8123763 ], [ -7.0849153, 54.809968 ], [ -7.0851464, 54.8067817 ], [ -7.0809447, 54.8023092 ], [ -7.087728, 54.7831216 ], [ -7.101444, 54.7771419 ], [ -7.0946746, 54.7710001 ], [ -7.0830384, 54.7734199 ], [ -7.0832099, 54.7679744 ], [ -7.0789345, 54.7658291 ], [ -7.0570962, 54.7676649 ], [ -7.0330908, 54.7713593 ], [ -7.0070263, 54.7791829 ], [ -6.9781323, 54.7797494 ], [ -6.968274, 54.7725903 ], [ -6.9491758, 54.7730615 ], [ -6.9370606, 54.7733127 ], [ -6.921545, 54.773857199999988 ], [ -6.9076302, 54.7798815 ], [ -6.9021805, 54.7863816 ], [ -6.9156582, 54.798569 ], [ -6.9222957, 54.8030915 ], [ -6.9118183, 54.8134344 ], [ -6.9104283, 54.8214191 ], [ -6.8976187, 54.824732 ], [ -6.8895937, 54.8315067 ], [ -6.8870363, 54.8328086 ], [ -6.8859621, 54.8531185 ], [ -6.8562878, 54.8573733 ], [ -6.8491103, 54.8508996 ], [ -6.8266827, 54.847862 ], [ -6.8158042, 54.8456804 ], [ -6.8019993, 54.8470819 ], [ -6.7872245, 54.859475 ], [ -6.7820835, 54.8640162 ], [ -6.7839022, 54.8703028 ], [ -6.7727331, 54.8722217 ], [ -6.768944, 54.8726723 ], [ -6.769104, 54.8840396 ], [ -6.7635921, 54.8909417 ], [ -6.7618656, 54.89672 ], [ -6.7582344, 54.900562699999988 ], [ -6.7598245, 54.9054988 ], [ -6.7702642, 54.9046922 ], [ -6.7765564, 54.9088058 ], [ -6.7748596, 54.9118964 ], [ -6.7784, 54.9166235 ], [ -6.7843813, 54.920129 ], [ -6.7839793, 54.9348672 ], [ -6.7831813, 54.9386836 ], [ -6.786763, 54.9470492 ], [ -6.7857813, 54.9499389 ], [ -6.7875025, 54.9545575 ], [ -6.790427, 54.9549393 ], [ -6.7888154, 54.9632349 ], [ -6.7886118, 54.9651251 ], [ -6.7969319, 54.9651075 ], [ -6.8007133, 54.9688375 ], [ -6.8025986, 54.9748279 ], [ -6.7914703, 54.9790432 ], [ -6.7944976, 54.985723 ], [ -6.7882128, 54.989655 ], [ -6.7826766, 54.997013599999988 ], [ -6.7921631, 54.9977254 ], [ -6.7972102, 54.9966451 ], [ -6.8115513, 55.0012487 ], [ -6.810468, 55.0084691 ], [ -6.8173761, 55.0191362 ], [ -6.8172889, 55.0272656 ] ] ], [ [ [ -7.0487467, 55.0532477 ], [ -7.0470317, 55.054219 ], [ -7.0495697, 55.054487 ], [ -7.0487467, 55.0532477 ] ] ], [ [ [ -7.0495697, 55.054487 ], [ -7.0481531, 55.0549092 ], [ -7.0492921, 55.0557854 ], [ -7.0495697, 55.054487 ] ] ] ] } },
{ "type": "Feature", "properties": { "Federation": "Down", "HSCT": "SEHSCT" }, "geometry": { "type": "MultiPolygon", "coordinates": [ [ [ [ -5.9764604, 54.2349355 ], [ -5.981809, 54.2287493 ], [ -5.9782801, 54.2236131 ], [ -5.9769283, 54.2225237 ], [ -5.9919881, 54.220589 ], [ -5.9889414, 54.2184433 ], [ -5.9911319, 54.2144505 ], [ -5.983766, 54.2160751 ], [ -5.975901, 54.2123679 ], [ -5.9726847, 54.2123713 ], [ -5.9762328, 54.2044843 ], [ -5.9831188, 54.1970257 ], [ -5.9740479, 54.1901818 ], [ -5.9656303, 54.1905178 ], [ -5.9580183, 54.187227 ], [ -5.9592809, 54.1859362 ], [ -5.940762, 54.1821165 ], [ -5.9342919, 54.1822355 ], [ -5.926199, 54.1912883 ], [ -5.9097837, 54.1974119 ], [ -5.9264624, 54.2049479 ], [ -5.9207742, 54.2065082 ], [ -5.9102301, 54.205897 ], [ -5.89889, 54.2016419 ], [ -5.8893162, 54.1957172 ], [ -5.8873306, 54.1962108 ], [ -5.8839179, 54.1938404 ], [ -5.8816263, 54.1937901 ], [ -5.8847869, 54.1972933 ], [ -5.8863366, 54.1976535 ], [ -5.8913589, 54.2027231 ], [ -5.8921652, 54.206519099999987 ], [ -5.8856365, 54.2135662 ], [ -5.8477643, 54.2331794 ], [ -5.8303358, 54.2414321 ], [ -5.8282523, 54.2471818 ], [ -5.8376084, 54.2528834 ], [ -5.8424298, 54.2498866 ], [ -5.8471818, 54.2498651 ], [ -5.8503435, 54.2495406 ], [ -5.8478266, 54.2553685 ], [ -5.8404925, 54.2577053 ], [ -5.837164, 54.2649162 ], [ -5.8359981, 54.2658967 ], [ -5.828782, 54.2708195 ], [ -5.8273226, 54.2756302 ], [ -5.8276701, 54.2765217 ], [ -5.8285223, 54.2773109 ], [ -5.8267905, 54.2784312 ], [ -5.8257561, 54.2777526 ], [ -5.8247104, 54.279063799999989 ], [ -5.8164632, 54.2838754 ], [ -5.8144447, 54.2839485 ], [ -5.8166651, 54.2813069 ], [ -5.8195482, 54.2686788 ], [ -5.8157425, 54.2594096 ], [ -5.8202859, 54.2569264 ], [ -5.8300662, 54.2570081 ], [ -5.8335786, 54.2577108 ], [ -5.8292598, 54.2518456 ], [ -5.8212172, 54.2427426 ], [ -5.8060512, 54.243477 ], [ -5.7807897, 54.2455367 ], [ -5.776346, 54.2447718 ], [ -5.7626158, 54.2468701 ], [ -5.757435, 54.2468647 ], [ -5.756197, 54.2462031 ], [ -5.7542886, 54.246457 ], [ -5.752009, 54.2506652 ], [ -5.726701, 54.2530828 ], [ -5.7217431, 54.2487113 ], [ -5.718268, 54.2505308 ], [ -5.7130405, 54.2498974 ], [ -5.7088979, 54.251302 ], [ -5.7061207, 54.2504806 ], [ -5.6891027, 54.2508226 ], [ -5.6848119, 54.2484099 ], [ -5.6819549, 54.2473428 ], [ -5.6784113, 54.2473621 ], [ -5.673013, 54.2387819 ], [ -5.6717632, 54.2393344 ], [ -5.6721977, 54.2370329 ], [ -5.6729519, 54.2344387 ], [ -5.670358, 54.2329105 ], [ -5.6675245, 54.2355474 ], [ -5.6633365, 54.2296548 ], [ -5.662725, 54.2261215 ], [ -5.6578052, 54.2263595 ], [ -5.6531464, 54.2293721 ], [ -5.6510277, 54.2294601 ], [ -5.6509368, 54.2308186 ], [ -5.6476958, 54.2323223 ], [ -5.6420095, 54.2408895 ], [ -5.6395868, 54.2412863 ], [ -5.6382052, 54.2399373 ], [ -5.6377032, 54.2408469 ], [ -5.6360821, 54.2445483 ], [ -5.6391421, 54.2505498 ], [ -5.6384443, 54.2523117 ], [ -5.6453608, 54.2564671 ], [ -5.6366502, 54.2612138 ], [ -5.6358696, 54.2601152 ], [ -5.6296104, 54.2578836 ], [ -5.6295483, 54.2550437 ], [ -5.6228402, 54.2555508 ], [ -5.6185081, 54.2522179 ], [ -5.618403, 54.2470737 ], [ -5.6153932, 54.2464549 ], [ -5.6108493, 54.2479103 ], [ -5.6095716, 54.2484212 ], [ -5.6074546, 54.2501281 ], [ -5.6057793, 54.2523653 ], [ -5.6056877, 54.2532768 ], [ -5.6038591, 54.2547294 ], [ -5.6034231, 54.2575294 ], [ -5.6027787, 54.2597791 ], [ -5.6061494, 54.2595562 ], [ -5.6073878, 54.2616949 ], [ -5.6055802, 54.2631698 ], [ -5.6074116, 54.2631892 ], [ -5.6082786, 54.2647406 ], [ -5.6062125, 54.2662046 ], [ -5.6000715, 54.2619627 ], [ -5.5986496, 54.2630193 ], [ -5.5968557, 54.2607402 ], [ -5.5949572, 54.2609923 ], [ -5.5936396, 54.2622383 ], [ -5.5906374, 54.2637579 ], [ -5.5888385, 54.2650634 ], [ -5.5879964, 54.2672205 ], [ -5.5877346, 54.2681199 ], [ -5.5848235, 54.2712958 ], [ -5.5832637, 54.2715137 ], [ -5.5758412, 54.273361 ], [ -5.575462, 54.2759882 ], [ -5.5723159, 54.2759844 ], [ -5.5709964, 54.2784371 ], [ -5.5703349, 54.2797757 ], [ -5.5684513, 54.2812845 ], [ -5.5670721, 54.2816897 ], [ -5.5670083, 54.2826158 ], [ -5.5656271, 54.2833322 ], [ -5.5624909, 54.2848178 ], [ -5.5617456, 54.2856297 ], [ -5.5604987, 54.2870333 ], [ -5.5594929, 54.2877174 ], [ -5.5586904, 54.2899993 ], [ -5.5582989, 54.2915123 ], [ -5.5582964, 54.292805 ], [ -5.5490851, 54.3073412 ], [ -5.5420064, 54.3084576 ], [ -5.5396525, 54.310385 ], [ -5.5404811, 54.3119833 ], [ -5.5328984, 54.3121021 ], [ -5.52774, 54.3098756 ], [ -5.5227144, 54.3139942 ], [ -5.5241434, 54.3149246 ], [ -5.5335236, 54.3165627 ], [ -5.5377846, 54.3181015 ], [ -5.5424849, 54.3199552 ], [ -5.541644, 54.3246774 ], [ -5.5403172, 54.3261287 ], [ -5.552986, 54.3253511 ], [ -5.5658419, 54.3272956 ], [ -5.5754644, 54.3217109 ], [ -5.5883215, 54.3191139 ], [ -5.5934995, 54.3180373 ], [ -5.5988513, 54.3204273 ], [ -5.5789999, 54.356715 ], [ -5.5662947, 54.3637592 ], [ -5.5690303, 54.3682 ], [ -5.5736688, 54.3710469 ], [ -5.577641, 54.3725351 ], [ -5.5702832, 54.3805166 ], [ -5.5752356, 54.383108 ], [ -5.5849886, 54.3825292 ], [ -5.5867539, 54.3838766 ], [ -5.5979431, 54.3811453 ], [ -5.6015646, 54.3775076 ], [ -5.6065621, 54.377636 ], [ -5.614805, 54.3793016 ], [ -5.6369324, 54.3704872 ], [ -5.6405359, 54.3724341 ], [ -5.6411698, 54.3691509 ], [ -5.6462885, 54.3686531 ], [ -5.6453136, 54.365774 ], [ -5.6512706, 54.3642296 ], [ -5.6572533, 54.3675283 ], [ -5.6582429, 54.3665003 ], [ -5.6636049, 54.3662278 ], [ -5.6651839, 54.3631011 ], [ -5.66726, 54.362939 ], [ -5.6682254, 54.3661107 ], [ -5.6768089, 54.3688573 ], [ -5.6789415, 54.3671858 ], [ -5.6827268, 54.3713249 ], [ -5.6848796, 54.3723485 ], [ -5.6797079, 54.3746683 ], [ -5.6800062, 54.3757318 ], [ -5.6752914, 54.3764042 ], [ -5.6740625, 54.3753132 ], [ -5.6634882, 54.382257 ], [ -5.6598175, 54.3812508 ], [ -5.6540328, 54.3821896 ], [ -5.6579278, 54.3857652 ], [ -5.6541397, 54.3882371 ], [ -5.6530527, 54.3895936 ], [ -5.6527807, 54.3886863 ], [ -5.6501224, 54.3888192 ], [ -5.647444, 54.394829 ], [ -5.6504852, 54.3970279 ], [ -5.6466146, 54.3977404 ], [ -5.6463205, 54.3967546 ], [ -5.6408348, 54.4028757 ], [ -5.6409957, 54.408156 ], [ -5.6435879, 54.4113935 ], [ -5.6491913, 54.4101748 ], [ -5.6475644, 54.4132868 ], [ -5.6489737, 54.4136633 ], [ -5.6484744, 54.4149841 ], [ -5.6474198, 54.414275 ], [ -5.6442009, 54.4146763 ], [ -5.6462178, 54.4193196 ], [ -5.6448569, 54.4205286 ], [ -5.6444697, 54.4216178 ], [ -5.6419148, 54.4232547 ], [ -5.6415649, 54.4268252 ], [ -5.6433991, 54.427961 ], [ -5.6434104, 54.4299643 ], [ -5.6426876, 54.4308277 ], [ -5.6377805, 54.4298119 ], [ -5.6351912, 54.4336719 ], [ -5.6320859, 54.4340679 ], [ -5.6328621, 54.4290448 ], [ -5.6304277, 54.4290109 ], [ -5.62896, 54.434639399999988 ], [ -5.6313917, 54.4352705 ], [ -5.6300316, 54.4376106 ], [ -5.6380988, 54.4399574 ], [ -5.6369421, 54.4381546 ], [ -5.639282, 54.4382051 ], [ -5.6401088, 54.4423152 ], [ -5.6388534, 54.4441917 ], [ -5.6397988, 54.4464501 ], [ -5.6354366, 54.4461987 ], [ -5.6335833, 54.4480331 ], [ -5.6342498, 54.450122 ], [ -5.6290389, 54.4545873 ], [ -5.6361353, 54.455587699999988 ], [ -5.634189, 54.4518211 ], [ -5.641918, 54.4511624 ], [ -5.6474018, 54.4530935 ], [ -5.649915, 54.4542644 ], [ -5.6491883, 54.4557241 ], [ -5.6426307, 54.4543541 ], [ -5.6403067, 54.4561938 ], [ -5.6424899, 54.4565069 ], [ -5.6439064, 54.4559842 ], [ -5.6503385, 54.4608077 ], [ -5.6572212, 54.4598424 ], [ -5.6637539, 54.461159 ], [ -5.6714929, 54.4589297 ], [ -5.6721563, 54.4576824 ], [ -5.6775951, 54.4583875 ], [ -5.6775845, 54.456281 ], [ -5.6828501, 54.4533543 ], [ -5.6894579, 54.455512399999989 ], [ -5.6920579, 54.453684 ], [ -5.6931478, 54.4497116 ], [ -5.6991913, 54.4506345 ], [ -5.7015719, 54.4468642 ], [ -5.7226052, 54.4477833 ], [ -5.7326898, 54.4544421 ], [ -5.732158, 54.4622357 ], [ -5.7379785, 54.4645515 ], [ -5.734956, 54.4710405 ], [ -5.7542554, 54.471209 ], [ -5.7523015, 54.4822813 ], [ -5.7450743, 54.4915679 ], [ -5.7810062, 54.4989918 ], [ -5.7869524, 54.4962589 ], [ -5.7957155, 54.5005453 ], [ -5.8073976, 54.4907202 ], [ -5.8130861, 54.4855306 ], [ -5.8181564, 54.4926164 ], [ -5.8220471, 54.495299 ], [ -5.824876, 54.4942434 ], [ -5.8283971, 54.4917618 ], [ -5.8317066, 54.4893915 ], [ -5.8424356, 54.4923137 ], [ -5.8463153, 54.4893367 ], [ -5.8467328, 54.4847933 ], [ -5.8538641, 54.4870169 ], [ -5.8585418, 54.4837014 ], [ -5.8585866, 54.47964 ], [ -5.8704784, 54.4797244 ], [ -5.8735662, 54.4777456 ], [ -5.8725692, 54.4757212 ], [ -5.8769603, 54.469669 ], [ -5.8777264, 54.4668874 ], [ -5.8990397, 54.4629429 ], [ -5.9034876, 54.4610008 ], [ -5.9015628, 54.4576069 ], [ -5.901107, 54.4557016 ], [ -5.9105119, 54.4574344 ], [ -5.9162281, 54.4663233 ], [ -5.929336, 54.4679666 ], [ -5.9384642, 54.463924899999988 ], [ -5.9489122, 54.4652614 ], [ -5.9518987, 54.463329 ], [ -5.9624014, 54.456718 ], [ -5.9733953, 54.4571514 ], [ -5.9837864, 54.4536654 ], [ -5.9738257, 54.449542199999989 ], [ -5.9647155, 54.4464044 ], [ -5.9545027, 54.4424245 ], [ -5.9466337, 54.4346655 ], [ -5.941853, 54.4289443 ], [ -5.936549, 54.425796899999987 ], [ -5.9298642, 54.4285852 ], [ -5.9253366, 54.4233009 ], [ -5.9324176, 54.420155 ], [ -5.9405033, 54.4150948 ], [ -5.9453789, 54.4139277 ], [ -5.9443633, 54.4043399 ], [ -5.9504762, 54.4034745 ], [ -5.9438884, 54.3981808 ], [ -5.9391629, 54.3978521 ], [ -5.9373933, 54.3910964 ], [ -5.940341, 54.3901951 ], [ -5.9403961, 54.3846908 ], [ -5.9385428, 54.3838066 ], [ -5.9501026, 54.3795167 ], [ -5.9529551, 54.3804813 ], [ -5.9525187, 54.3716484 ], [ -5.9472788, 54.3685993 ], [ -5.9638463, 54.3526318 ], [ -5.9508355, 54.3378151 ], [ -5.9466378, 54.3344283 ], [ -5.9486367, 54.3327109 ], [ -5.9441764, 54.3247012 ], [ -5.9489535, 54.3143516 ], [ -5.9288613, 54.3028788 ], [ -5.9270759, 54.2999955 ], [ -5.9334972, 54.2979351 ], [ -5.9323102, 54.2950023 ], [ -5.9294328, 54.2925167 ], [ -5.9353947, 54.2897532 ], [ -5.934301, 54.2830711 ], [ -5.9398298, 54.275745 ], [ -5.9415985, 54.2657533 ], [ -5.9354031, 54.2600025 ], [ -5.9469036, 54.2569594 ], [ -5.9533311, 54.2555185 ], [ -5.9522928, 54.2548062 ], [ -5.9544931, 54.2538211 ], [ -5.9481723, 54.2500723 ], [ -5.9626616, 54.2514563 ], [ -5.9716806, 54.2482385 ], [ -5.9778051, 54.2466132 ], [ -5.9827139, 54.2443979 ], [ -5.9961893, 54.2459047 ], [ -6.0055026, 54.252729 ], [ -6.0246294, 54.261830499999988 ], [ -6.02908, 54.2610938 ], [ -6.036484, 54.2629932 ], [ -6.0387463, 54.2624425 ], [ -6.0408518, 54.2588033 ], [ -6.045931, 54.2471951 ], [ -6.0471079, 54.2461559 ], [ -6.0499951, 54.2451061 ], [ -6.0350985, 54.2425601 ], [ -6.0295479, 54.2344587 ], [ -6.0295079, 54.2334277 ], [ -6.0260773, 54.2335209 ], [ -6.0265958, 54.2318256 ], [ -5.998137, 54.2381927 ], [ -5.9927419, 54.2402218 ], [ -5.9764604, 54.2349355 ] ], [ [ -5.6363464, 54.2629478 ], [ -5.6377015, 54.261875 ], [ -5.6390288, 54.2631608 ], [ -5.6363464, 54.2629478 ] ], [ [ -5.6397988, 54.4464501 ], [ -5.6421854, 54.4484424 ], [ -5.6401032, 54.4494896 ], [ -5.6397988, 54.4464501 ] ] ], [ [ [ -5.8816263, 54.1937901 ], [ -5.8795529, 54.1898127 ], [ -5.8782556, 54.1907781 ], [ -5.8816263, 54.1937901 ] ] ], [ [ [ -5.6295483, 54.2550437 ], [ -5.6328614, 54.2528247 ], [ -5.6294775, 54.2510034 ], [ -5.6285407, 54.2525515 ], [ -5.6277142, 54.2538309 ], [ -5.6295483, 54.2550437 ] ] ], [ [ [ -5.6415649, 54.4268252 ], [ -5.6387316, 54.4262186 ], [ -5.6392688, 54.4280317 ], [ -5.6415649, 54.4268252 ] ] ], [ [ [ -5.6290389, 54.4545873 ], [ -5.6271985, 54.4639733 ], [ -5.6299808, 54.4629342 ], [ -5.6324621, 54.4596476 ], [ -5.6290389, 54.4545873 ] ] ] ] } },
{ "type": "Feature", "properties": { "Federation": "East Antrim", "HSCT": "NHSCT" }, "geometry": { "type": "MultiPolygon", "coordinates": [ [ [ [ -5.7209999, 54.772789 ], [ -5.7257481, 54.7778873 ], [ -5.7344308, 54.7914842 ], [ -5.7360672, 54.7918228 ], [ -5.7378119, 54.7922205 ], [ -5.7391869, 54.7926706 ], [ -5.7396657, 54.7944562 ], [ -5.737986, 54.7944824 ], [ -5.7384817, 54.7968419 ], [ -5.7480004, 54.8056263 ], [ -5.7519614, 54.8097782 ], [ -5.7534634, 54.8115512 ], [ -5.7433478, 54.8078505 ], [ -5.740908, 54.8104569 ], [ -5.7536698, 54.8169523 ], [ -5.764037, 54.8181105 ], [ -5.7706188, 54.8153931 ], [ -5.7770204, 54.8180452 ], [ -5.7792119, 54.8164966 ], [ -5.8027611, 54.8231919 ], [ -5.8043739, 54.8248048 ], [ -5.8045717, 54.8233103 ], [ -5.8065363, 54.8241681 ], [ -5.8052641, 54.8255944 ], [ -5.8059001, 54.8273942 ], [ -5.8071385, 54.8281516 ], [ -5.8097018, 54.8301861 ], [ -5.8128935, 54.8304027 ], [ -5.8117095, 54.8333716 ], [ -5.8124944, 54.8347093 ], [ -5.8137179, 54.8423605 ], [ -5.816856, 54.8475489 ], [ -5.8098322, 54.845062899999988 ], [ -5.8028938, 54.8447494 ], [ -5.8020193, 54.8402638 ], [ -5.7998816, 54.8409565 ], [ -5.7995955, 54.8444924 ], [ -5.7973301, 54.8452358 ], [ -5.7956062, 54.850092 ], [ -5.7968105, 54.850717 ], [ -5.8000413, 54.8545996 ], [ -5.8072196, 54.8610089 ], [ -5.8139363, 54.8689675 ], [ -5.8210997, 54.8746069 ], [ -5.821932, 54.8753977 ], [ -5.8353236, 54.8792001 ], [ -5.8417565, 54.8914219 ], [ -5.8425366, 54.8987776 ], [ -5.8458932, 54.9009165 ], [ -5.8573857, 54.8986165 ], [ -5.8776699, 54.9073543 ], [ -5.8895801, 54.9261243 ], [ -5.9005474, 54.9438536 ], [ -5.9044086, 54.9471083 ], [ -5.9217343, 54.9632581 ], [ -5.9361923, 54.9697917 ], [ -5.9454984, 54.970739 ], [ -5.9505544, 54.9644105 ], [ -5.9463829, 54.9617012 ], [ -5.9535612, 54.9559873 ], [ -5.9528268, 54.9487554 ], [ -5.9565546, 54.9416376 ], [ -5.9520838, 54.9324885 ], [ -5.9747304, 54.9327256 ], [ -5.977567, 54.9356956 ], [ -5.9836995, 54.9355214 ], [ -5.9893286, 54.9290254 ], [ -5.9930058, 54.926687099999988 ], [ -5.9894525, 54.9201489 ], [ -5.9906315, 54.9093088 ], [ -5.9985081, 54.912363 ], [ -6.0044611, 54.9172065 ], [ -6.0007237, 54.9219385 ], [ -6.0066977, 54.9217398 ], [ -6.0111486, 54.9172974 ], [ -6.0200152, 54.919886 ], [ -6.0381208, 54.9149829 ], [ -6.0208089, 54.9039889 ], [ -6.003333, 54.900058 ], [ -6.0080154, 54.896261 ], [ -6.0228432, 54.8917993 ], [ -6.0290752, 54.8871431 ], [ -6.0330202, 54.8771144 ], [ -6.0440545, 54.8747892 ], [ -6.0537289, 54.8742795 ], [ -6.0460814, 54.8653336 ], [ -6.0446924, 54.8647294 ], [ -6.0494379, 54.8610434 ], [ -6.050217, 54.8474689 ], [ -6.0380634, 54.8221227 ], [ -6.0340948, 54.8099518 ], [ -6.0289323, 54.7997725 ], [ -6.0533927, 54.7979075 ], [ -6.0494077, 54.7939058 ], [ -6.0487513, 54.792075 ], [ -6.0682968, 54.7970942 ], [ -6.0791356, 54.7959912 ], [ -6.0732283, 54.7926258 ], [ -6.0753091, 54.7918987 ], [ -6.0952615, 54.7941589 ], [ -6.1020334, 54.7928334 ], [ -6.1079174, 54.8038228 ], [ -6.1078687, 54.8060706 ], [ -6.1197877, 54.8084891 ], [ -6.1297284, 54.8066037 ], [ -6.1409299, 54.8067259 ], [ -6.138357, 54.7971299 ], [ -6.1343201, 54.7957503 ], [ -6.1421204, 54.7873521 ], [ -6.1195383, 54.7749024 ], [ -6.1227551, 54.761005 ], [ -6.1192364, 54.7557075 ], [ -6.120336, 54.7425327 ], [ -6.1398496, 54.7435862 ], [ -6.1416198, 54.7404776 ], [ -6.1514317, 54.7420143 ], [ -6.1731861, 54.7308216 ], [ -6.1581946, 54.7246117 ], [ -6.1675371, 54.7171234 ], [ -6.1657913, 54.714831 ], [ -6.1755361, 54.7093696 ], [ -6.1782084, 54.704879899999987 ], [ -6.1802504, 54.7045679 ], [ -6.180934, 54.7032057 ], [ -6.177401, 54.7016277 ], [ -6.179632, 54.7012272 ], [ -6.1798558, 54.7000235 ], [ -6.1763035, 54.6975081 ], [ -6.1821843, 54.6951994 ], [ -6.1776565, 54.688888 ], [ -6.1777084, 54.6872276 ], [ -6.1876261, 54.6852534 ], [ -6.1801579, 54.6704907 ], [ -6.183761, 54.6664264 ], [ -6.1815849, 54.6637069 ], [ -6.1861414, 54.6608439 ], [ -6.1681813, 54.6511713 ], [ -6.1563758, 54.6511323 ], [ -6.1540911, 54.6519708 ], [ -6.1502806, 54.6511357 ], [ -6.1410121, 54.654175 ], [ -6.1289088, 54.6434325 ], [ -6.1416162, 54.6392175 ], [ -6.1371461, 54.6378672 ], [ -6.1285261, 54.6395277 ], [ -6.1271371, 54.6346476 ], [ -6.0991738, 54.635262 ], [ -6.0810307, 54.6401471 ], [ -6.0475789, 54.6406857 ], [ -6.0296324, 54.6375737 ], [ -6.0061395, 54.6412385 ], [ -5.9981944, 54.6466568 ], [ -5.9866306, 54.6568414 ], [ -5.9862892, 54.6582696 ], [ -5.9809121, 54.6523993 ], [ -5.9766009, 54.6491398 ], [ -5.9690951, 54.6455996 ], [ -5.9483234, 54.6532992 ], [ -5.9464366, 54.6553255 ], [ -5.9416538, 54.6513523 ], [ -5.9381298, 54.6506334 ], [ -5.9383802, 54.6518202 ], [ -5.9348201, 54.6519234 ], [ -5.9344367, 54.6481855 ], [ -5.9249267, 54.6472299 ], [ -5.9244466, 54.645843199999987 ], [ -5.9263588, 54.6458912 ], [ -5.9224621, 54.6437003 ], [ -5.9196191, 54.6481543 ], [ -5.9155893, 54.6456265 ], [ -5.9031778, 54.6575452 ], [ -5.9008839, 54.6613104 ], [ -5.8953004, 54.6742249 ], [ -5.8518579, 54.696368 ], [ -5.8501688, 54.6974045 ], [ -5.8480636, 54.6992665 ], [ -5.8463964, 54.6989675 ], [ -5.8419484, 54.7035221 ], [ -5.8304535, 54.7087857 ], [ -5.8256178, 54.7096527 ], [ -5.8137802, 54.7095838 ], [ -5.8153715, 54.7108681 ], [ -5.8110458, 54.710656099999987 ], [ -5.8075654, 54.7102204 ], [ -5.8087574, 54.7126045 ], [ -5.8070278, 54.7123943 ], [ -5.8059442, 54.7130402 ], [ -5.7971432, 54.7181177 ], [ -5.7790525, 54.723109 ], [ -5.7686873, 54.7229696 ], [ -5.766508, 54.7231261 ], [ -5.7654467, 54.7224465 ], [ -5.7663216, 54.7211599 ], [ -5.7645856, 54.7204222 ], [ -5.7571537, 54.7227543 ], [ -5.755918, 54.7244107 ], [ -5.7479889, 54.7259453 ], [ -5.7452812, 54.7261931 ], [ -5.7354293, 54.736599 ], [ -5.7322655, 54.7375282 ], [ -5.7248151, 54.7387864 ], [ -5.7097556, 54.7463118 ], [ -5.7059179, 54.7548784 ], [ -5.7024836, 54.7565496 ], [ -5.6904433, 54.7663798 ], [ -5.688484, 54.7670327 ], [ -5.6942119, 54.7756286 ], [ -5.6924426, 54.789657 ], [ -5.690436, 54.8052697 ], [ -5.6954643, 54.8138181 ], [ -5.7102445, 54.83321 ], [ -5.7107072, 54.8340761 ], [ -5.7121707, 54.8358001 ], [ -5.7127432, 54.8366469 ], [ -5.7263547, 54.8484034 ], [ -5.7304288, 54.847848 ], [ -5.7491769, 54.8560455 ], [ -5.7628133, 54.8591502 ], [ -5.7621432, 54.8536454 ], [ -5.7704332, 54.8522418 ], [ -5.7789637, 54.8579712 ], [ -5.7802966, 54.8585081 ], [ -5.7823469, 54.8546715 ], [ -5.7821582, 54.8515782 ], [ -5.7870629, 54.851053699999987 ], [ -5.7903193, 54.8512765 ], [ -5.7902973, 54.8491471 ], [ -5.7910654, 54.8483554 ], [ -5.7870648, 54.8427125 ], [ -5.7735078, 54.8365226 ], [ -5.7679732, 54.8315671 ], [ -5.7505115, 54.8252252 ], [ -5.7523342, 54.8217609 ], [ -5.7435657, 54.817231 ], [ -5.7441927, 54.8163313 ], [ -5.7370742, 54.8147988 ], [ -5.734159, 54.8125962 ], [ -5.735628, 54.8121932 ], [ -5.7312466, 54.8088544 ], [ -5.7314561, 54.8050048 ], [ -5.7233648, 54.7981024 ], [ -5.7252697, 54.7932584 ], [ -5.7215224, 54.7925578 ], [ -5.7201107, 54.7872655 ], [ -5.7247659, 54.7849031 ], [ -5.7194239, 54.7850105 ], [ -5.7211038, 54.7778997 ], [ -5.7233493, 54.777521 ], [ -5.7218662, 54.7769255 ], [ -5.7209999, 54.772789 ] ] ] ] } },
{ "type": "Feature", "properties": { "Federation": "East Belfast", "HSCT": "BHSCT" }, "geometry": { "type": "MultiPolygon", "coordinates": [ [ [ [ -5.911391, 54.5903025 ], [ -5.9115942, 54.5842235 ], [ -5.9086645, 54.5831187 ], [ -5.9099277, 54.5807551 ], [ -5.9015876, 54.5780318 ], [ -5.9026315, 54.5721161 ], [ -5.9074548, 54.5697189 ], [ -5.907604, 54.5683623 ], [ -5.9019533, 54.56666 ], [ -5.8997221, 54.5637107 ], [ -5.9012289, 54.562779 ], [ -5.8936903, 54.5619868 ], [ -5.8902003, 54.5623667 ], [ -5.8913468, 54.5554541 ], [ -5.8895884, 54.5503336 ], [ -5.8863953, 54.550680899999989 ], [ -5.8841233, 54.5464091 ], [ -5.8807979, 54.5445159 ], [ -5.8785048, 54.539546 ], [ -5.8768437, 54.5411626 ], [ -5.87742, 54.5455106 ], [ -5.8597687, 54.5482475 ], [ -5.8397524, 54.5475424 ], [ -5.817618, 54.5291704 ], [ -5.8156228, 54.5336762 ], [ -5.817352, 54.5356294 ], [ -5.8098113, 54.5381512 ], [ -5.8026127, 54.5445117 ], [ -5.7947337, 54.5445412 ], [ -5.7908541, 54.5500732 ], [ -5.7968268, 54.5525727 ], [ -5.7986926, 54.5612423 ], [ -5.7946945, 54.5647941 ], [ -5.7873714, 54.5670939 ], [ -5.790374, 54.569089 ], [ -5.7864921, 54.5717029 ], [ -5.7776444, 54.5765175 ], [ -5.7722424, 54.5762838 ], [ -5.768818, 54.5758819 ], [ -5.7629349, 54.5806806 ], [ -5.7582462, 54.5813126 ], [ -5.7592014, 54.5847643 ], [ -5.765187, 54.5881927 ], [ -5.7665408, 54.5910015 ], [ -5.7718805, 54.5938865 ], [ -5.7728382, 54.5959409 ], [ -5.7707509, 54.6002886 ], [ -5.7678954, 54.6041456 ], [ -5.7708593, 54.6127897 ], [ -5.779698, 54.6132506 ], [ -5.7870008, 54.6194778 ], [ -5.7975542, 54.6175965 ], [ -5.8035217, 54.615722 ], [ -5.8084139, 54.6158187 ], [ -5.8307204, 54.6106567 ], [ -5.8291317, 54.6163189 ], [ -5.8372566, 54.6164196 ], [ -5.8393415, 54.6174311 ], [ -5.8481511, 54.6190657 ], [ -5.8493115, 54.6179609 ], [ -5.8544452, 54.6221293 ], [ -5.8585065, 54.6235604 ], [ -5.8535883, 54.6295696 ], [ -5.8571492, 54.6341449 ], [ -5.8748262, 54.6385334 ], [ -5.9202611, 54.6017129 ], [ -5.9204794, 54.5997656 ], [ -5.9241443, 54.5994894 ], [ -5.9237356, 54.5957196 ], [ -5.9176788, 54.5940625 ], [ -5.9203052, 54.5923255 ], [ -5.911391, 54.5903025 ] ], [ [ -5.9086645, 54.5831187 ], [ -5.9031585, 54.5836174 ], [ -5.9021564, 54.5820263 ], [ -5.9086645, 54.5831187 ] ] ] ] } },
{ "type": "Feature", "properties": { "Federation": "Lisburn", "HSCT": "SHSCT" }, "geometry": { "type": "MultiPolygon", "coordinates": [ [ [ [ -6.0765011, 54.4101283 ], [ -6.0705442, 54.410229 ], [ -6.0545134, 54.4030608 ], [ -6.0562171, 54.4006736 ], [ -6.0650789, 54.3984159 ], [ -6.0644603, 54.3907998 ], [ -6.063878, 54.386016 ], [ -6.0754229, 54.3852534 ], [ -6.0785321, 54.3839714 ], [ -6.0803149, 54.383781 ], [ -6.0791091, 54.3798812 ], [ -6.092832, 54.3779639 ], [ -6.0996872, 54.3750869 ], [ -6.1015897, 54.3738763 ], [ -6.0795263, 54.367078 ], [ -6.0887656, 54.3556038 ], [ -6.0884626, 54.3498678 ], [ -6.1160393, 54.3531044 ], [ -6.1162949, 54.34651 ], [ -6.1263549, 54.3356769 ], [ -6.1110851, 54.328639699999989 ], [ -6.1030294, 54.3231451 ], [ -6.1027699, 54.3197841 ], [ -6.1038339, 54.3181349 ], [ -6.0958307, 54.3119084 ], [ -6.0955026, 54.3140686 ], [ -6.0827444, 54.3100797 ], [ -6.0802891, 54.3061066 ], [ -6.0672862, 54.302408 ], [ -6.0646625, 54.3090735 ], [ -6.0491915, 54.3052615 ], [ -6.0414352, 54.30349 ], [ -6.0392111, 54.3002505 ], [ -6.03563, 54.3017328 ], [ -6.0323008, 54.3117973 ], [ -6.0245018, 54.3159074 ], [ -5.9967199, 54.3139744 ], [ -5.9949039, 54.3313782 ], [ -5.9756614, 54.3248564 ], [ -5.9563378, 54.3155665 ], [ -5.9495781, 54.3149352 ], [ -5.9442989, 54.3268055 ], [ -5.9476739, 54.3335833 ], [ -5.9471485, 54.3353391 ], [ -5.9586288, 54.3459166 ], [ -5.9636044, 54.3536825 ], [ -5.9467911, 54.3694656 ], [ -5.9525187, 54.3716484 ], [ -5.9529551, 54.3804813 ], [ -5.9482963, 54.3801531 ], [ -5.9385428, 54.3838066 ], [ -5.9404473, 54.389283 ], [ -5.9393422, 54.3909612 ], [ -5.9373933, 54.3910964 ], [ -5.9391629, 54.3978521 ], [ -5.9450554, 54.3988395 ], [ -5.9504762, 54.4034745 ], [ -5.9442072, 54.4052435 ], [ -5.9444972, 54.4146978 ], [ -5.9357156, 54.4172721 ], [ -5.9273738, 54.4226165 ], [ -5.9252098, 54.424719 ], [ -5.9314028, 54.4284842 ], [ -5.936549, 54.425796899999987 ], [ -5.9463918, 54.4333071 ], [ -5.951268, 54.4393603 ], [ -5.9609782, 54.4455246 ], [ -5.9727531, 54.4485798 ], [ -5.9819079, 54.4533997 ], [ -5.9916275, 54.4533962 ], [ -5.9911677, 54.4632989 ], [ -5.9974178, 54.4697684 ], [ -6.0000976, 54.4703081 ], [ -5.9989859, 54.4730655 ], [ -5.9926711, 54.4762331 ], [ -5.989421, 54.4805033 ], [ -5.9764133, 54.4870244 ], [ -5.9553295, 54.4835658 ], [ -5.9395862, 54.4797606 ], [ -5.9343772, 54.4834362 ], [ -5.929216, 54.4856734 ], [ -5.9279849, 54.4915389 ], [ -5.925478, 54.4935603 ], [ -5.9366028, 54.497467699999987 ], [ -5.9477383, 54.4993886 ], [ -5.9597086, 54.509 ], [ -5.9576792, 54.5132109 ], [ -5.9572906, 54.516061099999988 ], [ -5.9470942, 54.5161443 ], [ -5.9448058, 54.5174985 ], [ -5.948746, 54.5208502 ], [ -5.9562649, 54.5234864 ], [ -5.9579709, 54.5296921 ], [ -5.9625387, 54.5336779 ], [ -5.962785, 54.5364991 ], [ -5.9673898, 54.5343371 ], [ -5.9692984, 54.5323468 ], [ -5.9720521, 54.5321624 ], [ -5.9730346, 54.5307732 ], [ -5.9753157, 54.5314231 ], [ -5.9761165, 54.5306374 ], [ -5.9788651, 54.5353916 ], [ -5.9848404, 54.5356537 ], [ -5.9838728, 54.5364938 ], [ -5.987342, 54.5377555 ], [ -5.9908167, 54.5423173 ], [ -5.9937807, 54.5437817 ], [ -5.9960629, 54.5557315 ], [ -5.996014, 54.5580897 ], [ -5.9990343, 54.556682 ], [ -6.0000216, 54.5594179 ], [ -5.9989578, 54.5611466 ], [ -6.0059242, 54.5577186 ], [ -6.0165114, 54.5613058 ], [ -6.0171333, 54.5638992 ], [ -6.0206579, 54.5649166 ], [ -6.0189278, 54.5653787 ], [ -6.0240596, 54.5703507 ], [ -6.0280732, 54.5707025 ], [ -6.0244252, 54.5722439 ], [ -6.0328054, 54.5759418 ], [ -6.0454447, 54.5877385 ], [ -6.0399607, 54.5927895 ], [ -6.0457599, 54.6059596 ], [ -6.0661551, 54.6150746 ], [ -6.0704131, 54.6187833 ], [ -6.0790002, 54.6207495 ], [ -6.0824441, 54.6233253 ], [ -6.0897304, 54.6235699 ], [ -6.1034848, 54.621837 ], [ -6.1131735, 54.6222402 ], [ -6.1180182, 54.6200356 ], [ -6.1224343, 54.6178715 ], [ -6.1373792, 54.6187915 ], [ -6.1365569, 54.6206237 ], [ -6.1380676, 54.6197105 ], [ -6.1420048, 54.6192766 ], [ -6.1476041, 54.6207473 ], [ -6.1487864, 54.6141128 ], [ -6.1468194, 54.6108087 ], [ -6.1572481, 54.6095501 ], [ -6.1645668, 54.6052868 ], [ -6.1756493, 54.6032153 ], [ -6.1878989, 54.603333 ], [ -6.191385, 54.6015419 ], [ -6.1919122, 54.6005402 ], [ -6.196904, 54.6015639 ], [ -6.2025222, 54.5992503 ], [ -6.2061017, 54.6006532 ], [ -6.2111934, 54.599183 ], [ -6.2181674, 54.6016721 ], [ -6.2273246, 54.598118799999988 ], [ -6.2296391, 54.5960596 ], [ -6.230677, 54.5924689 ], [ -6.2286505, 54.5923911 ], [ -6.2292372, 54.5906539 ], [ -6.2396856, 54.5881285 ], [ -6.2540501, 54.5899502 ], [ -6.2640202, 54.5971936 ], [ -6.2650109, 54.5926437 ], [ -6.2674605, 54.5846163 ], [ -6.2680376, 54.5837371 ], [ -6.2700867, 54.580984 ], [ -6.2693121, 54.5800255 ], [ -6.2715171, 54.5793844 ], [ -6.2726396, 54.5787445 ], [ -6.2752488, 54.5786089 ], [ -6.2752548, 54.5776855 ], [ -6.2816532, 54.5798149 ], [ -6.288372, 54.5736157 ], [ -6.2975367, 54.5741428 ], [ -6.3028794, 54.5714757 ], [ -6.2881509, 54.5606072 ], [ -6.2777225, 54.5574322 ], [ -6.274757, 54.5409175 ], [ -6.2772928, 54.5379635 ], [ -6.2739226, 54.5353421 ], [ -6.2740115, 54.5335542 ], [ -6.2672565, 54.5341543 ], [ -6.2622973, 54.5391493 ], [ -6.2587829, 54.5421838 ], [ -6.2612386, 54.5429909 ], [ -6.2595778, 54.5464418 ], [ -6.2566157, 54.5473607 ], [ -6.2532656, 54.5469572 ], [ -6.2562837, 54.5452814 ], [ -6.2518514, 54.5449873 ], [ -6.251828, 54.5431008 ], [ -6.2368936, 54.5418527 ], [ -6.2251824, 54.5405899 ], [ -6.2123856, 54.5410879 ], [ -6.2176615, 54.5483881 ], [ -6.2012954, 54.5437183 ], [ -6.2028366, 54.5386586 ], [ -6.1943595, 54.5360444 ], [ -6.1724812, 54.5336163 ], [ -6.1598691, 54.529620799999989 ], [ -6.1506864, 54.528785 ], [ -6.1515464, 54.5163827 ], [ -6.1617966, 54.5171361 ], [ -6.1832264, 54.5074757 ], [ -6.1807175, 54.5067521 ], [ -6.1833978, 54.5034417 ], [ -6.1743552, 54.5019539 ], [ -6.1698239, 54.5004629 ], [ -6.1548358, 54.4984713 ], [ -6.148527, 54.494664 ], [ -6.148504, 54.489066 ], [ -6.1461707, 54.4875513 ], [ -6.1470115, 54.4858353 ], [ -6.1369635, 54.4817836 ], [ -6.1433464, 54.4745124 ], [ -6.1422377, 54.4723871 ], [ -6.1608478, 54.4744553 ], [ -6.1624517, 54.4661414 ], [ -6.1413132, 54.4629132 ], [ -6.1365021, 54.4633179 ], [ -6.1243277, 54.4567736 ], [ -6.1115068, 54.4584711 ], [ -6.1018699, 54.4583826 ], [ -6.1095522, 54.4459724 ], [ -6.1247556, 54.4376018 ], [ -6.1229181, 54.431624 ], [ -6.1105421, 54.423618 ], [ -6.0909892, 54.4163545 ], [ -6.0853213, 54.410044 ], [ -6.0765011, 54.4101283 ] ] ], [ [ [ -6.0171333, 54.5638992 ], [ -6.0085884, 54.561929 ], [ -6.0066768, 54.5645194 ], [ -6.0166122, 54.5649184 ], [ -6.0171333, 54.5638992 ] ] ] ] } },
{ "type": "Feature", "properties": { "Federation": "Mid-Ulster", "HSCT": "NHSCT" }, "geometry": { "type": "MultiPolygon", "coordinates": [ [ [ [ -6.5029946, 54.6190573 ], [ -6.5028665, 54.6229242 ], [ -6.5052159, 54.625395 ], [ -6.507403, 54.6256354 ], [ -6.5068882, 54.6270507 ], [ -6.5083392, 54.627491 ], [ -6.5052398, 54.6314366 ], [ -6.5059649, 54.6334579 ], [ -6.5029416, 54.6370999 ], [ -6.5037862, 54.6378837 ], [ -6.5052211, 54.6383594 ], [ -6.4992294, 54.6439479 ], [ -6.500452, 54.6455672 ], [ -6.5045627, 54.6484988 ], [ -6.5077799, 54.6489314 ], [ -6.5091787, 54.6511328 ], [ -6.5105484, 54.6516389 ], [ -6.5107466, 54.654821 ], [ -6.505047, 54.6557187 ], [ -6.5056048, 54.6581007 ], [ -6.5107652, 54.6578236 ], [ -6.514475, 54.6604876 ], [ -6.5156212, 54.6611021 ], [ -6.518252, 54.6632504 ], [ -6.5177186, 54.6679626 ], [ -6.5223055, 54.6731961 ], [ -6.5236513, 54.6876659 ], [ -6.529012, 54.6968094 ], [ -6.5256997, 54.7043727 ], [ -6.5285726, 54.7061283 ], [ -6.5282905, 54.7089177 ], [ -6.5294396, 54.7096013 ], [ -6.5300622, 54.7107008 ], [ -6.5271056, 54.7182816 ], [ -6.5155686, 54.7225008 ], [ -6.5125077, 54.7222615 ], [ -6.513227, 54.7238038 ], [ -6.5159018, 54.7279353 ], [ -6.5145478, 54.7285417 ], [ -6.5148852, 54.7294352 ], [ -6.511767, 54.7314736 ], [ -6.5155115, 54.7371382 ], [ -6.5141146, 54.7375682 ], [ -6.5128191, 54.7387234 ], [ -6.50835, 54.741621 ], [ -6.5140758, 54.7423358 ], [ -6.5122999, 54.745818 ], [ -6.5156603, 54.7533725 ], [ -6.5227893, 54.7534207 ], [ -6.5289888, 54.7609529 ], [ -6.5202471, 54.7668812 ], [ -6.51643, 54.7659458 ], [ -6.5106826, 54.766826 ], [ -6.5032383, 54.7650005 ], [ -6.5091274, 54.7870967 ], [ -6.5101013, 54.7915628 ], [ -6.5011895, 54.7916947 ], [ -6.4862132, 54.7864455 ], [ -6.4773365, 54.7868669 ], [ -6.4775661, 54.7951014 ], [ -6.4709606, 54.8124672 ], [ -6.4583408, 54.8176282 ], [ -6.4588524, 54.8226291 ], [ -6.4585346, 54.8262787 ], [ -6.4666226, 54.8355547 ], [ -6.4679292, 54.8400758 ], [ -6.4709521, 54.840885 ], [ -6.4964672, 54.8366793 ], [ -6.4993132, 54.8374573 ], [ -6.5074609, 54.8348079 ], [ -6.5137105, 54.8368443 ], [ -6.5141988, 54.8397816 ], [ -6.51322, 54.8479282 ], [ -6.540774, 54.8460076 ], [ -6.5473125, 54.8460476 ], [ -6.55196, 54.8517973 ], [ -6.556299, 54.8552653 ], [ -6.5692491, 54.8507408 ], [ -6.5818305, 54.8447513 ], [ -6.58777, 54.8436952 ], [ -6.5934563, 54.8504585 ], [ -6.605685, 54.856584 ], [ -6.5958445, 54.8623315 ], [ -6.5838881, 54.8657408 ], [ -6.5780307, 54.8753771 ], [ -6.5805539, 54.8849986 ], [ -6.597372, 54.878272 ], [ -6.6041536, 54.8828094 ], [ -6.6174918, 54.8780273 ], [ -6.6273679, 54.8850263 ], [ -6.6217655, 54.8878836 ], [ -6.6441416, 54.9031144 ], [ -6.6555796, 54.9047137 ], [ -6.6622234, 54.9103359 ], [ -6.6648517, 54.909082 ], [ -6.6671524, 54.9099137 ], [ -6.6646259, 54.9123962 ], [ -6.6674473, 54.919973399999989 ], [ -6.6754919, 54.918551 ], [ -6.681663, 54.9194931 ], [ -6.6911341, 54.9165626 ], [ -6.6955391, 54.9186881 ], [ -6.7021542, 54.9245026 ], [ -6.7029827, 54.9281674 ], [ -6.7077892, 54.9317183 ], [ -6.7356767, 54.9292203 ], [ -6.7381235, 54.9281 ], [ -6.7382768, 54.9251649 ], [ -6.7609413, 54.9197993 ], [ -6.7720085, 54.9156047 ], [ -6.7755725, 54.9127375 ], [ -6.7754781, 54.910212 ], [ -6.7765564, 54.9088058 ], [ -6.7687236, 54.9043762 ], [ -6.7598245, 54.9054988 ], [ -6.7582344, 54.900562699999988 ], [ -6.7636818, 54.8919201 ], [ -6.7675776, 54.8857722 ], [ -6.7699102, 54.8774218 ], [ -6.768944, 54.8726723 ], [ -6.7839022, 54.8703028 ], [ -6.7823699, 54.862144 ], [ -6.793161, 54.855193899999989 ], [ -6.8019993, 54.8470819 ], [ -6.8189745, 54.845807 ], [ -6.8408345, 54.8502301 ], [ -6.851863, 54.852018 ], [ -6.8562878, 54.8573733 ], [ -6.8865918, 54.8521734 ], [ -6.8880351, 54.8316692 ], [ -6.8957788, 54.826869 ], [ -6.9005242, 54.8234968 ], [ -6.9120663, 54.8203774 ], [ -6.9118183, 54.8134344 ], [ -6.9193693, 54.8059968 ], [ -6.9218461, 54.8017979 ], [ -6.9037282, 54.7885235 ], [ -6.9034112, 54.7832432 ], [ -6.9143385, 54.7764911 ], [ -6.9248106, 54.7728825 ], [ -6.9392152, 54.7735161 ], [ -6.936492, 54.7640595 ], [ -6.9415417, 54.7519805 ], [ -6.973026, 54.7424245 ], [ -6.9700887, 54.7369964 ], [ -6.9609639, 54.7335173 ], [ -6.9583221, 54.7315644 ], [ -6.9720785, 54.7238433 ], [ -6.9593069, 54.716898699999987 ], [ -6.9474392, 54.718179799999987 ], [ -6.9386556, 54.7091822 ], [ -6.9374099, 54.7032416 ], [ -6.9338007, 54.6943215 ], [ -6.9317916, 54.6936905 ], [ -6.928199, 54.6946705 ], [ -6.9248436, 54.6929183 ], [ -6.9263777, 54.6846669 ], [ -6.9237018, 54.6750849 ], [ -6.9245035, 54.6699072 ], [ -6.9097198, 54.6639778 ], [ -6.8732796, 54.6502413 ], [ -6.9040962, 54.6442309 ], [ -6.9275261, 54.6421508 ], [ -6.9287615, 54.6319344 ], [ -6.9254905, 54.6292554 ], [ -6.933025, 54.6144485 ], [ -6.9341607, 54.6114145 ], [ -6.9060771, 54.6025221 ], [ -6.9081862, 54.6014958 ], [ -6.915605, 54.6012922 ], [ -6.9195566, 54.5959765 ], [ -6.9230738, 54.5931965 ], [ -6.9111259, 54.5894017 ], [ -6.9040863, 54.5911826 ], [ -6.8940235, 54.5890955 ], [ -6.8884863, 54.5851264 ], [ -6.8551739, 54.5727471 ], [ -6.8586302, 54.5702409 ], [ -6.8531719, 54.5669252 ], [ -6.8473668, 54.573089 ], [ -6.8361929, 54.5752851 ], [ -6.8280575, 54.5796147 ], [ -6.8207881, 54.5790401 ], [ -6.8186346, 54.5810523 ], [ -6.8101365, 54.5773079 ], [ -6.7923963, 54.5889869 ], [ -6.7900799, 54.5935284 ], [ -6.7774007, 54.5939033 ], [ -6.7764614, 54.5949852 ], [ -6.7703243, 54.5960576 ], [ -6.7664408, 54.594359 ], [ -6.7598373, 54.5979205 ], [ -6.7498089, 54.5969784 ], [ -6.7439755, 54.5973702 ], [ -6.7378249, 54.594536 ], [ -6.7359856, 54.6002904 ], [ -6.7267743, 54.601928 ], [ -6.7228414, 54.5994143 ], [ -6.7133212, 54.6068252 ], [ -6.7106314, 54.6079687 ], [ -6.712368, 54.6128556 ], [ -6.7024487, 54.616347499999989 ], [ -6.7043724, 54.6228834 ], [ -6.7034913, 54.6256638 ], [ -6.7057375, 54.6271728 ], [ -6.6952139, 54.6270295 ], [ -6.6885529, 54.6255055 ], [ -6.6802797, 54.6188211 ], [ -6.6596514, 54.6160668 ], [ -6.6576494, 54.6152195 ], [ -6.6617435, 54.5958105 ], [ -6.6614923, 54.5938534 ], [ -6.6400438, 54.5950582 ], [ -6.6284761, 54.5932518 ], [ -6.6142486, 54.6027827 ], [ -6.606894, 54.6063913 ], [ -6.603879, 54.6032334 ], [ -6.6057591, 54.5984283 ], [ -6.6004964, 54.5956875 ], [ -6.6012122, 54.5923794 ], [ -6.5898495, 54.5864185 ], [ -6.5861491, 54.585580199999988 ], [ -6.5842346, 54.5837165 ], [ -6.5734627, 54.5814649 ], [ -6.565338, 54.5830029 ], [ -6.566065, 54.5800254 ], [ -6.5579566, 54.578962 ], [ -6.5483616, 54.5862587 ], [ -6.5418743, 54.5884284 ], [ -6.5328642, 54.5881282 ], [ -6.5331925, 54.5906087 ], [ -6.5316125, 54.5914472 ], [ -6.5290539, 54.5910244 ], [ -6.5277696, 54.5939452 ], [ -6.526514, 54.5946658 ], [ -6.5243668, 54.5958174 ], [ -6.526631, 54.5966987 ], [ -6.5246179, 54.5967346 ], [ -6.5211081, 54.5979405 ], [ -6.5195577, 54.5989424 ], [ -6.5160138, 54.6046646 ], [ -6.5140916, 54.6053693 ], [ -6.5094391, 54.6082908 ], [ -6.5085587, 54.6100866 ], [ -6.5079961, 54.6153474 ], [ -6.5063452, 54.616639 ], [ -6.5056334, 54.6174479 ], [ -6.5042591, 54.6184131 ], [ -6.5029946, 54.6190573 ] ] ] ] } },
{ "type": "Feature", "properties": { "Federation": "Newry & District", "HSCT": "SHSCT" }, "geometry": { "type": "MultiPolygon", "coordinates": [ [ [ [ -6.629733, 54.1538129 ], [ -6.6321045, 54.1468984 ], [ -6.6368145, 54.146102 ], [ -6.6381367, 54.1422963 ], [ -6.6404463, 54.1415969 ], [ -6.6397124, 54.1317729 ], [ -6.6445384, 54.130462 ], [ -6.6493134, 54.1298722 ], [ -6.6504237, 54.1258025 ], [ -6.6485352, 54.1216669 ], [ -6.6523875, 54.1222647 ], [ -6.6570977, 54.1240459 ], [ -6.6606936, 54.1232006 ], [ -6.6583073, 54.1136653 ], [ -6.6506098, 54.1054631 ], [ -6.6450864, 54.0991246 ], [ -6.6468764, 54.0954553 ], [ -6.652934, 54.0933606 ], [ -6.6579715, 54.0957373 ], [ -6.6614989, 54.091311499999989 ], [ -6.6579779, 54.0876588 ], [ -6.6557108, 54.0869873 ], [ -6.6584853, 54.082909 ], [ -6.6589937, 54.0751882 ], [ -6.6628202, 54.0736532 ], [ -6.6689826, 54.0729691 ], [ -6.6645457, 54.0680379 ], [ -6.6621377, 54.0640647 ], [ -6.6570173, 54.0620247 ], [ -6.6497851, 54.0608318 ], [ -6.6469914, 54.0581707 ], [ -6.6448735, 54.0529126 ], [ -6.6396914, 54.0497104 ], [ -6.6401818, 54.0477798 ], [ -6.6341406, 54.0436464 ], [ -6.6288289, 54.0422689 ], [ -6.6242489, 54.0367948 ], [ -6.6223173, 54.0390399 ], [ -6.6177033, 54.0387693 ], [ -6.6163823, 54.041743 ], [ -6.6085142, 54.0404615 ], [ -6.606605, 54.0396999 ], [ -6.6034187, 54.0449952 ], [ -6.5963132, 54.0450872 ], [ -6.5930144, 54.0462534 ], [ -6.5946677, 54.0528517 ], [ -6.5888499, 54.0568159 ], [ -6.5843111, 54.0565391 ], [ -6.5823626, 54.0550963 ], [ -6.5784408, 54.0551152 ], [ -6.5745722, 54.0530241 ], [ -6.5701197, 54.0537105 ], [ -6.5696191, 54.0509639 ], [ -6.5563426, 54.0500049 ], [ -6.5522444, 54.0518128 ], [ -6.5493021, 54.0503771 ], [ -6.5468647, 54.0519562 ], [ -6.5377118, 54.0559454 ], [ -6.5315554, 54.0596246 ], [ -6.5155218, 54.0525173 ], [ -6.5090331, 54.0531896 ], [ -6.5098607, 54.0574657 ], [ -6.5009152, 54.0596566 ], [ -6.494426, 54.060425 ], [ -6.4831527, 54.0668502 ], [ -6.4711332, 54.0666143 ], [ -6.4814573, 54.0719181 ], [ -6.4801351, 54.0764853 ], [ -6.4748697, 54.0758965 ], [ -6.4691838, 54.0735295 ], [ -6.465232, 54.0731088 ], [ -6.4605131, 54.070589 ], [ -6.4556062, 54.0720453 ], [ -6.4499809, 54.0678771 ], [ -6.4474037, 54.0602294 ], [ -6.4435258, 54.0564663 ], [ -6.4352696, 54.0590857 ], [ -6.4334172, 54.0610649 ], [ -6.4303828, 54.0586603 ], [ -6.4246838, 54.0609165 ], [ -6.4214038, 54.0594451 ], [ -6.4173039, 54.0622605 ], [ -6.4038707, 54.0621632 ], [ -6.3931314, 54.0606958 ], [ -6.3906952, 54.0591005 ], [ -6.3812913, 54.0688456 ], [ -6.3660499, 54.071028 ], [ -6.3622903, 54.0773736 ], [ -6.3656932, 54.0943469 ], [ -6.3623517, 54.0966853 ], [ -6.3663794, 54.1028396 ], [ -6.3681846, 54.1113002 ], [ -6.3648772, 54.1137533 ], [ -6.3556533, 54.110881 ], [ -6.3471887, 54.1137394 ], [ -6.3416654, 54.111331 ], [ -6.3397978, 54.111651599999988 ], [ -6.3347251, 54.104746 ], [ -6.3364237, 54.0951484 ], [ -6.3179837, 54.0909856 ], [ -6.309003, 54.1047578 ], [ -6.307172, 54.1069281 ], [ -6.2935836, 54.1105911 ], [ -6.2904869, 54.1124983 ], [ -6.2800356, 54.1106146 ], [ -6.268111, 54.1023114 ], [ -6.2607059, 54.1001969 ], [ -6.2584928, 54.0993417 ], [ -6.2550989, 54.100242099999988 ], [ -6.2563276, 54.099289 ], [ -6.253166, 54.0970928 ], [ -6.2345227, 54.1013365 ], [ -6.2301448, 54.1002926 ], [ -6.2149052, 54.100425 ], [ -6.2101733, 54.0981718 ], [ -6.2044229, 54.098697 ], [ -6.2028688, 54.0986429 ], [ -6.199552, 54.097577 ], [ -6.1908382, 54.0940343 ], [ -6.1904894, 54.0931092 ], [ -6.1877247, 54.0820518 ], [ -6.1844885, 54.0767311 ], [ -6.1825315, 54.0740556 ], [ -6.1750681, 54.0727733 ], [ -6.170794, 54.0707904 ], [ -6.1702839, 54.0698875 ], [ -6.1678169, 54.0686883 ], [ -6.1611559, 54.0657747 ], [ -6.1588525, 54.0657559 ], [ -6.1536911, 54.0655693 ], [ -6.144369, 54.0638561 ], [ -6.1378279, 54.0619946 ], [ -6.1338274, 54.0651045 ], [ -6.1212478, 54.0655631 ], [ -6.1115828, 54.0621167 ], [ -6.1054956, 54.0620812 ], [ -6.1014931, 54.0617024 ], [ -6.0959905, 54.0629923 ], [ -6.0896493, 54.0581555 ], [ -6.0837545, 54.0566051 ], [ -6.0755839, 54.0487606 ], [ -6.0773452, 54.0480027 ], [ -6.0769402, 54.0467641 ], [ -6.0794327, 54.046723099999987 ], [ -6.0803619, 54.0460051 ], [ -6.0838151, 54.0481252 ], [ -6.0853356, 54.0478214 ], [ -6.0906648, 54.048084 ], [ -6.0930694, 54.0492582 ], [ -6.0982957, 54.0480422 ], [ -6.1011356, 54.0433351 ], [ -6.106429, 54.0403347 ], [ -6.086567, 54.0350941 ], [ -6.0810577, 54.029538 ], [ -6.0679381, 54.0290196 ], [ -6.0636136, 54.0262186 ], [ -6.0639777, 54.0252668 ], [ -6.0633153, 54.0227935 ], [ -6.0304299, 54.0357712 ], [ -6.020019, 54.0392871 ], [ -6.0134088, 54.042894399999987 ], [ -6.0044171, 54.0522421 ], [ -5.9913345, 54.0582805 ], [ -5.9898202, 54.0585008 ], [ -5.9889489, 54.0575077 ], [ -5.9869739, 54.0588791 ], [ -5.9634319, 54.0625605 ], [ -5.9604411, 54.06756 ], [ -5.9571576, 54.070075 ], [ -5.9552146, 54.0750879 ], [ -5.9360163, 54.0852929 ], [ -5.91768, 54.0940612 ], [ -5.9133805, 54.0951151 ], [ -5.9056365, 54.0994088 ], [ -5.9018077, 54.1013591 ], [ -5.8943031, 54.1078769 ], [ -5.8915945, 54.1185576 ], [ -5.8862819, 54.1223695 ], [ -5.8885852, 54.1284237 ], [ -5.8888615, 54.1353418 ], [ -5.8750654, 54.1571398 ], [ -5.8723712, 54.1694684 ], [ -5.8760318, 54.1870995 ], [ -5.8787846, 54.1899392 ], [ -5.8873306, 54.1962108 ], [ -5.8893162, 54.1957172 ], [ -5.89889, 54.2016419 ], [ -5.9159363, 54.2069276 ], [ -5.924896, 54.2057681 ], [ -5.9264624, 54.2049479 ], [ -5.9097837, 54.1974119 ], [ -5.9291495, 54.1890985 ], [ -5.9359898, 54.1815752 ], [ -5.9494232, 54.183241 ], [ -5.9592809, 54.1859362 ], [ -5.9580183, 54.187227 ], [ -5.9676187, 54.1908823 ], [ -5.9754546, 54.190904 ], [ -5.9831188, 54.1970257 ], [ -5.9740729, 54.2076099 ], [ -5.9726847, 54.2123713 ], [ -5.9784295, 54.2136113 ], [ -5.9854888, 54.216094 ], [ -5.9911319, 54.2144505 ], [ -5.9889414, 54.2184433 ], [ -5.9919881, 54.220589 ], [ -5.9816453, 54.2218104 ], [ -5.9769283, 54.2225237 ], [ -5.9820717, 54.2278282 ], [ -5.9790986, 54.2323746 ], [ -5.9764604, 54.2349355 ], [ -5.9944686, 54.240442 ], [ -6.0062092, 54.2355488 ], [ -6.0265958, 54.2318256 ], [ -6.0260773, 54.2335209 ], [ -6.0295079, 54.2334277 ], [ -6.0289839, 54.2353057 ], [ -6.0350985, 54.2425601 ], [ -6.0499951, 54.2451061 ], [ -6.0455156, 54.2462321 ], [ -6.044255, 54.2519669 ], [ -6.0408518, 54.2588033 ], [ -6.0387463, 54.2624425 ], [ -6.0305107, 54.2624178 ], [ -6.0274806, 54.260447899999988 ], [ -6.0246294, 54.261830499999988 ], [ -6.0002687, 54.2492281 ], [ -5.9943946, 54.2453679 ], [ -5.9807914, 54.2444227 ], [ -5.9734532, 54.248537 ], [ -5.9655913, 54.2504774 ], [ -5.9610398, 54.2518475 ], [ -5.9481723, 54.2500723 ], [ -5.9544931, 54.2538211 ], [ -5.9522928, 54.2548062 ], [ -5.9533311, 54.2555185 ], [ -5.9469036, 54.2569594 ], [ -5.9410985, 54.2588927 ], [ -5.9353169, 54.2609667 ], [ -5.9418991, 54.2668021 ], [ -5.9362128, 54.2820044 ], [ -5.9336983, 54.2857876 ], [ -5.9353526, 54.2907076 ], [ -5.9294328, 54.2925167 ], [ -5.9335147, 54.2969423 ], [ -5.933108, 54.2988399 ], [ -5.9270759, 54.2999955 ], [ -5.9344594, 54.3069816 ], [ -5.950494, 54.3147081 ], [ -5.9662935, 54.3197524 ], [ -5.9756614, 54.3248564 ], [ -5.9949039, 54.3313782 ], [ -5.9967199, 54.3139744 ], [ -6.0245018, 54.3159074 ], [ -6.0331575, 54.3103556 ], [ -6.0376334, 54.3003708 ], [ -6.0404937, 54.3008956 ], [ -6.0431581, 54.3048156 ], [ -6.0590515, 54.3075373 ], [ -6.0646625, 54.3090735 ], [ -6.0672862, 54.302408 ], [ -6.0802891, 54.3061066 ], [ -6.0856118, 54.3112115 ], [ -6.0955026, 54.3140686 ], [ -6.0958307, 54.3119084 ], [ -6.103954, 54.3191694 ], [ -6.1024253, 54.321625 ], [ -6.1057511, 54.3259484 ], [ -6.1110851, 54.328639699999989 ], [ -6.1263549, 54.3356769 ], [ -6.1356672, 54.3235292 ], [ -6.1408445, 54.3110153 ], [ -6.1426764, 54.3043699 ], [ -6.1520772, 54.2977448 ], [ -6.1604583, 54.2951602 ], [ -6.1673677, 54.2910887 ], [ -6.1709004, 54.2949099 ], [ -6.1670086, 54.2960069 ], [ -6.1624688, 54.3050914 ], [ -6.1654882, 54.3104104 ], [ -6.1566435, 54.3115484 ], [ -6.1539781, 54.3136391 ], [ -6.160342, 54.3203164 ], [ -6.166751, 54.3232075 ], [ -6.1680177, 54.326992 ], [ -6.1695559, 54.3285616 ], [ -6.1658337, 54.3324141 ], [ -6.152131, 54.3353875 ], [ -6.1530733, 54.3450598 ], [ -6.1497039, 54.3500777 ], [ -6.158129, 54.3600536 ], [ -6.1637816, 54.3636848 ], [ -6.1715436, 54.3581166 ], [ -6.1746708, 54.3583385 ], [ -6.1819844, 54.3545671 ], [ -6.1884879, 54.3571102 ], [ -6.1950771, 54.3625077 ], [ -6.1989524, 54.3669829 ], [ -6.2034663, 54.3672449 ], [ -6.2075816, 54.3684729 ], [ -6.2113633, 54.365582599999989 ], [ -6.2123353, 54.3633195 ], [ -6.2171211, 54.3610476 ], [ -6.2182666, 54.3616548 ], [ -6.2231429, 54.364005 ], [ -6.2283786, 54.3605682 ], [ -6.2379645, 54.3599476 ], [ -6.2393932, 54.3617976 ], [ -6.2425692, 54.3610925 ], [ -6.2448647, 54.3639509 ], [ -6.2491396, 54.364205 ], [ -6.2540772, 54.3689192 ], [ -6.2592172, 54.3706966 ], [ -6.260574, 54.3745435 ], [ -6.26712, 54.376499599999988 ], [ -6.2682508, 54.3794751 ], [ -6.2774288, 54.3823636 ], [ -6.2926387, 54.3794891 ], [ -6.2973176, 54.3777557 ], [ -6.3063109, 54.3793983 ], [ -6.3206295, 54.3739869 ], [ -6.3222416, 54.3703682 ], [ -6.3233314, 54.3651938 ], [ -6.3231433, 54.3595936 ], [ -6.3215032, 54.354540699999987 ], [ -6.3179995, 54.3499262 ], [ -6.3221225, 54.3456077 ], [ -6.3323477, 54.3422534 ], [ -6.3360904, 54.3399945 ], [ -6.3403216, 54.3306108 ], [ -6.338592, 54.3257563 ], [ -6.3453346, 54.324482 ], [ -6.3534872, 54.323782 ], [ -6.3615292, 54.3296491 ], [ -6.3584014, 54.331817799999989 ], [ -6.3622115, 54.335855599999988 ], [ -6.3663608, 54.3288326 ], [ -6.3641425, 54.3221643 ], [ -6.3620538, 54.3152771 ], [ -6.3607431, 54.3125152 ], [ -6.3665074, 54.3066027 ], [ -6.3745867, 54.3072301 ], [ -6.380206, 54.3045415 ], [ -6.3857728, 54.3030363 ], [ -6.3846542, 54.2955502 ], [ -6.3809766, 54.295044399999988 ], [ -6.3813133, 54.2907927 ], [ -6.3760409, 54.2921869 ], [ -6.3768726, 54.287165 ], [ -6.3850492, 54.2872781 ], [ -6.3860276, 54.2839983 ], [ -6.3952426, 54.2802266 ], [ -6.3941194, 54.2727853 ], [ -6.3796716, 54.2706221 ], [ -6.373908, 54.2667784 ], [ -6.3715504, 54.2653386 ], [ -6.3644685, 54.2653114 ], [ -6.3607346, 54.2601324 ], [ -6.3649102, 54.253123 ], [ -6.3744855, 54.2488625 ], [ -6.3745138, 54.2502906 ], [ -6.3787891, 54.2524232 ], [ -6.3827422, 54.2553946 ], [ -6.3915166, 54.2514134 ], [ -6.4012048, 54.2527933 ], [ -6.4060607, 54.2491827 ], [ -6.4006024, 54.2429613 ], [ -6.4031249, 54.2371008 ], [ -6.402241, 54.2355724 ], [ -6.4062526, 54.2328162 ], [ -6.4238494, 54.2409802 ], [ -6.4466211, 54.2527234 ], [ -6.4502208, 54.2570488 ], [ -6.4585659, 54.2520633 ], [ -6.4624492, 54.2518858 ], [ -6.4667418, 54.2549964 ], [ -6.4740415, 54.2501444 ], [ -6.4769905, 54.2528129 ], [ -6.4782291, 54.2565517 ], [ -6.4886749, 54.2618255 ], [ -6.4898079, 54.2590444 ], [ -6.5021134, 54.2575337 ], [ -6.5062226, 54.258135 ], [ -6.5108033, 54.2565914 ], [ -6.5100389, 54.2517676 ], [ -6.5158807, 54.2520314 ], [ -6.5209215, 54.2480915 ], [ -6.5335805, 54.2458443 ], [ -6.5412461, 54.2407255 ], [ -6.5488815, 54.2476755 ], [ -6.5484759, 54.2540253 ], [ -6.5502154, 54.2595467 ], [ -6.5585527, 54.2589041 ], [ -6.5694822, 54.2542732 ], [ -6.5831562, 54.2614102 ], [ -6.5905201, 54.2519596 ], [ -6.6091972, 54.2491299 ], [ -6.6089133, 54.2467426 ], [ -6.6110953, 54.2463569 ], [ -6.6196524, 54.2506161 ], [ -6.6252138, 54.2524797 ], [ -6.6261253, 54.2494347 ], [ -6.6314742, 54.2496035 ], [ -6.6411855, 54.2436272 ], [ -6.6414333, 54.2414512 ], [ -6.6471028, 54.2448386 ], [ -6.6486079, 54.246870799999989 ], [ -6.6531197, 54.2419243 ], [ -6.6547871, 54.2411593 ], [ -6.6559031, 54.2418365 ], [ -6.6570512, 54.2356767 ], [ -6.6557541, 54.2272528 ], [ -6.6526448, 54.2235175 ], [ -6.6544107, 54.2057598 ], [ -6.6480843, 54.1869111 ], [ -6.6440203, 54.1822455 ], [ -6.6404864, 54.1739524 ], [ -6.635535, 54.1703274 ], [ -6.6321848, 54.1569868 ], [ -6.629733, 54.1538129 ] ], [ [ -5.9913345, 54.0582805 ], [ -5.9926089, 54.0592931 ], [ -5.990839, 54.059357 ], [ -5.9913345, 54.0582805 ] ], [ [ -5.9926089, 54.0592931 ], [ -5.9962911, 54.0607362 ], [ -5.9947582, 54.0610362 ], [ -5.9926089, 54.0592931 ] ] ] ] } },
{ "type": "Feature", "properties": { "Federation": "North Belfast", "HSCT": "BHSCT" }, "geometry": { "type": "MultiPolygon", "coordinates": [ [ [ [ -5.9835585, 54.6020705 ], [ -5.9786603, 54.6001176 ], [ -5.9663968, 54.6024732 ], [ -5.9646736, 54.6042449 ], [ -5.9618248, 54.6030673 ], [ -5.9599915, 54.6052089 ], [ -5.9545201, 54.6043945 ], [ -5.9506245, 54.5986563 ], [ -5.9470612, 54.5994097 ], [ -5.9428393, 54.5973928 ], [ -5.9354934, 54.6064466 ], [ -5.9333477, 54.6072995 ], [ -5.928463, 54.6050177 ], [ -5.923657, 54.6097256 ], [ -5.916355, 54.6062449 ], [ -5.8761044, 54.6388493 ], [ -5.914141, 54.6475649 ], [ -5.9155893, 54.6456265 ], [ -5.9196191, 54.6481543 ], [ -5.9224621, 54.6437003 ], [ -5.9263588, 54.6458912 ], [ -5.9244466, 54.645843199999987 ], [ -5.9272165, 54.6476208 ], [ -5.9344367, 54.6481855 ], [ -5.9348201, 54.6519234 ], [ -5.9383802, 54.6518202 ], [ -5.9381298, 54.6506334 ], [ -5.9433549, 54.6519011 ], [ -5.9464366, 54.6553255 ], [ -5.9506817, 54.6519134 ], [ -5.9706284, 54.6453247 ], [ -5.9840458, 54.6547794 ], [ -5.9862892, 54.6582696 ], [ -5.9889576, 54.6549735 ], [ -6.0050329, 54.6418757 ], [ -6.0232332, 54.6289578 ], [ -6.020686, 54.6116621 ], [ -6.0092081, 54.6116694 ], [ -6.0045168, 54.6097133 ], [ -5.9960522, 54.6063492 ], [ -6.0008488, 54.6027435 ], [ -5.996803, 54.6011007 ], [ -5.9966067, 54.5991588 ], [ -5.9835585, 54.6020705 ] ] ] ] } },
{ "type": "Feature", "properties": { "Federation": "North Down", "HSCT": "SEHSCT" }, "geometry": { "type": "MultiPolygon", "coordinates": [ [ [ [ -5.6351845, 54.6695174 ], [ -5.645011, 54.6657056 ], [ -5.6532371, 54.666377 ], [ -5.6542563, 54.6702892 ], [ -5.6577624, 54.6698791 ], [ -5.6643602, 54.6662001 ], [ -5.6687684, 54.666166 ], [ -5.6692638, 54.6643597 ], [ -5.6727153, 54.6629741 ], [ -5.6746577, 54.6657649 ], [ -5.6761793, 54.6661405 ], [ -5.6776137, 54.6667679 ], [ -5.6805272, 54.6688085 ], [ -5.6841487, 54.6675878 ], [ -5.6856351, 54.6679428 ], [ -5.6900977, 54.6663831 ], [ -5.6904289, 54.6654471 ], [ -5.7004565, 54.6681057 ], [ -5.7020438, 54.6678804 ], [ -5.7060177, 54.6679576 ], [ -5.7086496, 54.6681136 ], [ -5.7157986, 54.6671486 ], [ -5.7165082, 54.6679576 ], [ -5.7216477, 54.6674133 ], [ -5.730229, 54.6716502 ], [ -5.7319591, 54.6720742 ], [ -5.7384968, 54.6743438 ], [ -5.740729, 54.6775403 ], [ -5.7612702, 54.6705328 ], [ -5.7623872, 54.669719 ], [ -5.7718042, 54.6671209 ], [ -5.7731823, 54.6661511 ], [ -5.7782763, 54.6652586 ], [ -5.7961033, 54.6613262 ], [ -5.8137771, 54.6550635 ], [ -5.8237284, 54.6497353 ], [ -5.832632, 54.6444709 ], [ -5.8486776, 54.6385364 ], [ -5.8549286, 54.6331448 ], [ -5.8542585, 54.627449 ], [ -5.8585079, 54.6235591 ], [ -5.8507843, 54.6198944 ], [ -5.8493115, 54.6179609 ], [ -5.8463855, 54.6190634 ], [ -5.8393415, 54.6174311 ], [ -5.8291317, 54.6163189 ], [ -5.8307204, 54.6106567 ], [ -5.8053912, 54.6159767 ], [ -5.7975942, 54.6166925 ], [ -5.7889135, 54.6191746 ], [ -5.7856135, 54.6187927 ], [ -5.779698, 54.6132506 ], [ -5.7678876, 54.6125518 ], [ -5.763825, 54.6127418 ], [ -5.7612094, 54.6124132 ], [ -5.7562578, 54.615564799999987 ], [ -5.7477432, 54.6199924 ], [ -5.7447939, 54.6194174 ], [ -5.7427691, 54.6240478 ], [ -5.7266551, 54.6277227 ], [ -5.7117554, 54.6253733 ], [ -5.7060904, 54.6201784 ], [ -5.6843778, 54.6184042 ], [ -5.6785403, 54.6221168 ], [ -5.6751417, 54.623718 ], [ -5.6751484, 54.6143739 ], [ -5.6760499, 54.6066615 ], [ -5.6618964, 54.6074615 ], [ -5.6633599, 54.6060967 ], [ -5.6573741, 54.6059609 ], [ -5.657595, 54.6028544 ], [ -5.654196, 54.6004986 ], [ -5.652661, 54.5972021 ], [ -5.6007803, 54.609927 ], [ -5.5709264, 54.6220959 ], [ -5.5747052, 54.6349412 ], [ -5.5825931, 54.6367945 ], [ -5.58601, 54.6513396 ], [ -5.567519, 54.6485027 ], [ -5.5624874, 54.6498092 ], [ -5.5588287, 54.6497131 ], [ -5.557037, 54.6480835 ], [ -5.5557001, 54.6489215 ], [ -5.5514688, 54.647209 ], [ -5.5444177, 54.647782 ], [ -5.5469988, 54.6530415 ], [ -5.5520391, 54.6544417 ], [ -5.5551491, 54.652897 ], [ -5.5579828, 54.6551783 ], [ -5.5566017, 54.6559762 ], [ -5.5714558, 54.6606309 ], [ -5.5728703, 54.6626259 ], [ -5.5700696, 54.6648473 ], [ -5.5704377, 54.6667139 ], [ -5.5750748, 54.6706001 ], [ -5.5766418, 54.675142 ], [ -5.5817884, 54.6752453 ], [ -5.5818493, 54.6761836 ], [ -5.5827841, 54.6773695 ], [ -5.5884608, 54.6755627 ], [ -5.5905769, 54.6743353 ], [ -5.5955682, 54.6767831 ], [ -5.5969089, 54.6774656 ], [ -5.5977443, 54.678486 ], [ -5.6019796, 54.6765566 ], [ -5.6022868, 54.6774402 ], [ -5.6100905, 54.6749841 ], [ -5.6154582, 54.6756256 ], [ -5.6171088, 54.67747 ], [ -5.6194697, 54.6765615 ], [ -5.6220179, 54.6780648 ], [ -5.6206174, 54.6789372 ], [ -5.6227942, 54.6788794 ], [ -5.6254609, 54.6781296 ], [ -5.6279172, 54.6790823 ], [ -5.6290217, 54.6799602 ], [ -5.6363716, 54.6784794 ], [ -5.6364285, 54.6774421 ], [ -5.6363669, 54.6762756 ], [ -5.6357067, 54.6727667 ], [ -5.6351845, 54.6695174 ] ] ], [ [ [ -5.5443969, 54.6782422 ], [ -5.5438735, 54.6764698 ], [ -5.543696, 54.6752718 ], [ -5.5450472, 54.6722016 ], [ -5.5428136, 54.671325499999988 ], [ -5.5392822, 54.6740493 ], [ -5.537761, 54.6735108 ], [ -5.5325449, 54.6707127 ], [ -5.52573, 54.6684186 ], [ -5.5229363, 54.6694794 ], [ -5.520914, 54.6694293 ], [ -5.5217483, 54.6702848 ], [ -5.519565, 54.6733706 ], [ -5.5214588, 54.6755855 ], [ -5.5210857, 54.6774383 ], [ -5.5231539, 54.6778475 ], [ -5.5250524, 54.6776773 ], [ -5.5290665, 54.6783709 ], [ -5.5281338, 54.6794335 ], [ -5.5300305, 54.6797654 ], [ -5.5341478, 54.6824354 ], [ -5.5359, 54.6819103 ], [ -5.5443969, 54.6782422 ] ] ], [ [ [ -5.5285732, 54.6955883 ], [ -5.5247552, 54.6924511 ], [ -5.5217986, 54.6931508 ], [ -5.5240254, 54.6979113 ], [ -5.5285732, 54.6955883 ] ] ], [ [ [ -5.5193534, 54.6971797 ], [ -5.5202944, 54.695243 ], [ -5.515292, 54.6941638 ], [ -5.5111179, 54.6981112 ], [ -5.5123325, 54.6989432 ], [ -5.5193534, 54.6971797 ] ] ] ] } },
{ "type": "Feature", "properties": { "Federation": "South Belfast", "HSCT": "BHSCT" }, "geometry": { "type": "MultiPolygon", "coordinates": [ [ [ [ -5.996014, 54.5580897 ], [ -5.9952519, 54.5477542 ], [ -5.9930436, 54.5428809 ], [ -5.9877232, 54.5396354 ], [ -5.9866248, 54.536915 ], [ -5.9838728, 54.5364938 ], [ -5.983634, 54.5350049 ], [ -5.9788651, 54.5353916 ], [ -5.9761165, 54.5306374 ], [ -5.9753157, 54.5314231 ], [ -5.9730346, 54.5307732 ], [ -5.9702532, 54.5331085 ], [ -5.9684105, 54.5330938 ], [ -5.9648693, 54.5362993 ], [ -5.9626402, 54.5354677 ], [ -5.9599007, 54.5311385 ], [ -5.9573291, 54.5272132 ], [ -5.9540747, 54.5217734 ], [ -5.9462331, 54.5194157 ], [ -5.9452558, 54.5165244 ], [ -5.9559765, 54.5155838 ], [ -5.9587878, 54.515709 ], [ -5.9579066, 54.5104905 ], [ -5.9597181, 54.5077928 ], [ -5.9451488, 54.498356 ], [ -5.9386511, 54.4977211 ], [ -5.925478, 54.4935603 ], [ -5.9304062, 54.4867632 ], [ -5.9305591, 54.4842905 ], [ -5.9391058, 54.4806727 ], [ -5.9395862, 54.4797606 ], [ -5.9663732, 54.4858623 ], [ -5.9781863, 54.4866504 ], [ -5.9922787, 54.4782386 ], [ -5.99438, 54.474751 ], [ -5.9989859, 54.4730655 ], [ -6.0000976, 54.4703081 ], [ -5.9940443, 54.467443 ], [ -5.9901926, 54.4573606 ], [ -5.9916275, 54.4533962 ], [ -5.9795503, 54.4553592 ], [ -5.9677959, 54.4575471 ], [ -5.9624014, 54.456718 ], [ -5.9518987, 54.463329 ], [ -5.945459, 54.4654168 ], [ -5.9369065, 54.4641069 ], [ -5.9275859, 54.4680545 ], [ -5.9142598, 54.4653863 ], [ -5.9091305, 54.4566373 ], [ -5.901107, 54.4557016 ], [ -5.9034876, 54.4610008 ], [ -5.8857024, 54.4661275 ], [ -5.8765165, 54.4676481 ], [ -5.8747174, 54.4748917 ], [ -5.8723928, 54.4766367 ], [ -5.872367, 54.4786397 ], [ -5.8668732, 54.47989 ], [ -5.8585866, 54.47964 ], [ -5.857401, 54.4856301 ], [ -5.8519639, 54.4870302 ], [ -5.8467328, 54.4847933 ], [ -5.8440479, 54.4918425 ], [ -5.8409644, 54.4919315 ], [ -5.8303953, 54.4899753 ], [ -5.823905, 54.495069 ], [ -5.8210367, 54.4945459 ], [ -5.8139498, 54.4870706 ], [ -5.8130861, 54.4855306 ], [ -5.8060392, 54.4913451 ], [ -5.7983841, 54.4983776 ], [ -5.8014095, 54.4992707 ], [ -5.801416, 54.503727 ], [ -5.7978206, 54.5045822 ], [ -5.8001206, 54.5065582 ], [ -5.7973643, 54.5079529 ], [ -5.817618, 54.5291704 ], [ -5.8419698, 54.5482506 ], [ -5.8696526, 54.5475011 ], [ -5.87742, 54.5455106 ], [ -5.8771896, 54.5402752 ], [ -5.8785048, 54.539546 ], [ -5.8807596, 54.5455952 ], [ -5.8850199, 54.5473966 ], [ -5.8877052, 54.551199 ], [ -5.8895884, 54.5503336 ], [ -5.8913468, 54.5554541 ], [ -5.8902003, 54.5623667 ], [ -5.8973344, 54.561728 ], [ -5.9012289, 54.562779 ], [ -5.9003208, 54.5646424 ], [ -5.9057965, 54.5683683 ], [ -5.907604, 54.5683623 ], [ -5.9069684, 54.5707318 ], [ -5.9026315, 54.5721161 ], [ -5.9015876, 54.5780318 ], [ -5.9099277, 54.5807551 ], [ -5.9086645, 54.5831187 ], [ -5.9115942, 54.5842235 ], [ -5.911391, 54.5903025 ], [ -5.9203052, 54.5923255 ], [ -5.9176788, 54.5940625 ], [ -5.9237356, 54.5957196 ], [ -5.9246005, 54.6007388 ], [ -5.928115, 54.6005163 ], [ -5.9350158, 54.6028913 ], [ -5.93586, 54.5999881 ], [ -5.9302572, 54.5981913 ], [ -5.9331872, 54.5963857 ], [ -5.9376278, 54.5977664 ], [ -5.9421245, 54.595889 ], [ -5.9506508, 54.5889255 ], [ -5.9529742, 54.588871 ], [ -5.9522415, 54.5877501 ], [ -5.9548251, 54.5860487 ], [ -5.9574359, 54.5841271 ], [ -5.9577268, 54.588637 ], [ -5.9789664, 54.5727256 ], [ -5.9913711, 54.5671725 ], [ -5.9956471, 54.5610764 ], [ -6.0000216, 54.5594179 ], [ -5.9990343, 54.556682 ], [ -5.996014, 54.5580897 ] ] ], [ [ [ -5.9086645, 54.5831187 ], [ -5.9021564, 54.5820263 ], [ -5.9031585, 54.5836174 ], [ -5.9086645, 54.5831187 ] ] ] ] } },
{ "type": "Feature", "properties": { "Federation": "South West", "HSCT": "WHSCT" }, "geometry": { "type": "MultiPolygon", "coordinates": [ [ [ [ -7.5379581, 54.2359453 ], [ -7.5463113, 54.238244 ], [ -7.5523222, 54.2362242 ], [ -7.5481802, 54.2336377 ], [ -7.5405647, 54.2318954 ], [ -7.5371507, 54.2323883 ], [ -7.5379581, 54.2359453 ] ] ], [ [ [ -7.4561509, 54.1630602 ], [ -7.450804, 54.1636166 ], [ -7.4492626, 54.1657572 ], [ -7.4431172, 54.1614093 ], [ -7.4291966, 54.1621484 ], [ -7.4138716, 54.1607265 ], [ -7.4087216, 54.1558473 ], [ -7.4141001, 54.1469172 ], [ -7.4249147, 54.1412806 ], [ -7.4183914, 54.1368591 ], [ -7.4020674, 54.1409547 ], [ -7.3907275, 54.13673570000001 ], [ -7.3817488, 54.1414735 ], [ -7.3747765, 54.1416542 ], [ -7.3729678, 54.1380582 ], [ -7.3868443, 54.1311842 ], [ -7.3938294, 54.1245575 ], [ -7.391896, 54.1202023 ], [ -7.3848878, 54.1232233 ], [ -7.3780206, 54.1257326 ], [ -7.3692475, 54.1311201 ], [ -7.3614924, 54.1307257 ], [ -7.3487366, 54.1233578 ], [ -7.3462145, 54.1214882 ], [ -7.3467806, 54.1169295 ], [ -7.3421961, 54.1161493 ], [ -7.3397032, 54.1175152 ], [ -7.3363037, 54.1167379 ], [ -7.331525, 54.1216141 ], [ -7.3276354, 54.1238686 ], [ -7.3233057, 54.1218597 ], [ -7.3242012, 54.1178997 ], [ -7.3199077, 54.1137128 ], [ -7.3108189, 54.1172003 ], [ -7.3073417, 54.1177638 ], [ -7.3062944, 54.1238544 ], [ -7.3156039, 54.1277633 ], [ -7.3125327, 54.1319174 ], [ -7.3186352, 54.1354661 ], [ -7.3189473, 54.137578 ], [ -7.3245917, 54.1369203 ], [ -7.3271309, 54.1352301 ], [ -7.3321594, 54.1426685 ], [ -7.3390034, 54.1449908 ], [ -7.3379262, 54.1475321 ], [ -7.3260231, 54.1515957 ], [ -7.3187122, 54.1580128 ], [ -7.3198389, 54.1590343 ], [ -7.3091681, 54.1673439 ], [ -7.2987906, 54.1669129 ], [ -7.2917297, 54.1711884 ], [ -7.2798675, 54.1676742 ], [ -7.2856984, 54.1575394 ], [ -7.2843731, 54.1534801 ], [ -7.2912458, 54.1492035 ], [ -7.2992085, 54.1484909 ], [ -7.3010806, 54.143926 ], [ -7.2844569, 54.1391507 ], [ -7.2920386, 54.1308069 ], [ -7.2965696, 54.132028 ], [ -7.3000932, 54.1337032 ], [ -7.3087347, 54.1321583 ], [ -7.3037451, 54.1252438 ], [ -7.3007718, 54.1215123 ], [ -7.2917337, 54.1191357 ], [ -7.2828722, 54.1228117 ], [ -7.277967, 54.123253 ], [ -7.2787828, 54.1278912 ], [ -7.2671555, 54.13592 ], [ -7.2627973, 54.1385791 ], [ -7.2624323, 54.1469411 ], [ -7.2568335, 54.148156699999987 ], [ -7.2584783, 54.152145 ], [ -7.2550679, 54.1547157 ], [ -7.2525164, 54.1556836 ], [ -7.2536342, 54.158699 ], [ -7.2584633, 54.1608006 ], [ -7.2580844, 54.1639749 ], [ -7.2440216, 54.1693699 ], [ -7.2413304, 54.1692207 ], [ -7.2424631, 54.1720569 ], [ -7.251902, 54.1736371 ], [ -7.2535535, 54.1770307 ], [ -7.2568266, 54.1763065 ], [ -7.2579307, 54.1794365 ], [ -7.2564571, 54.1815491 ], [ -7.2592301, 54.1848125 ], [ -7.2560179, 54.1902502 ], [ -7.2590926, 54.1922135 ], [ -7.2468207, 54.193846 ], [ -7.2424681, 54.1929934 ], [ -7.2359204, 54.194243699999987 ], [ -7.2337981, 54.1980862 ], [ -7.2439569, 54.2001794 ], [ -7.2494143, 54.1981565 ], [ -7.2479432, 54.2044701 ], [ -7.2392743, 54.2066343 ], [ -7.2310728, 54.206238899999988 ], [ -7.2328976, 54.2090779 ], [ -7.2319183, 54.2100543 ], [ -7.2325344, 54.2109082 ], [ -7.2214684, 54.215307 ], [ -7.2176805, 54.2150642 ], [ -7.2104904, 54.2132192 ], [ -7.2034642, 54.2147449 ], [ -7.1951304, 54.2180107 ], [ -7.1892978, 54.224517 ], [ -7.1851924, 54.224586 ], [ -7.184856, 54.2201659 ], [ -7.1785258, 54.2197963 ], [ -7.1722869, 54.2179025 ], [ -7.1528479, 54.2212958 ], [ -7.1472969, 54.2247804 ], [ -7.1478677, 54.2306997 ], [ -7.1495291, 54.2340837 ], [ -7.1460286, 54.2397306 ], [ -7.1589447, 54.2439656 ], [ -7.147158, 54.2508399 ], [ -7.1418335, 54.2528307 ], [ -7.1437065, 54.2564959 ], [ -7.1502132, 54.2586418 ], [ -7.1536722, 54.2666878 ], [ -7.159221, 54.2691089 ], [ -7.1582273, 54.2715082 ], [ -7.1632494, 54.2736828 ], [ -7.1744059, 54.2716086 ], [ -7.1764325, 54.2706111 ], [ -7.1801545, 54.2755312 ], [ -7.1733987, 54.2806724 ], [ -7.171663, 54.2831215 ], [ -7.1714108, 54.2840974 ], [ -7.1748308, 54.2862054 ], [ -7.1810556, 54.2872072 ], [ -7.1871478, 54.288679 ], [ -7.203804, 54.2946268 ], [ -7.2082248, 54.2955474 ], [ -7.2113802, 54.3001323 ], [ -7.2070296, 54.3034743 ], [ -7.2110892, 54.3040726 ], [ -7.2136934, 54.3021144 ], [ -7.2343795, 54.3048153 ], [ -7.2414895, 54.3038726 ], [ -7.2502791, 54.3071274 ], [ -7.2563006, 54.3066116 ], [ -7.2623992, 54.3077962 ], [ -7.2610766, 54.3030158 ], [ -7.2506051, 54.3013863 ], [ -7.2519523, 54.2988169 ], [ -7.2617836, 54.2910924 ], [ -7.2642225, 54.2903416 ], [ -7.2775796, 54.2918402 ], [ -7.2905598, 54.2920282 ], [ -7.3086011, 54.2965545 ], [ -7.3203246, 54.3031984 ], [ -7.331218, 54.3055932 ], [ -7.3364079, 54.3078936 ], [ -7.3568344, 54.309104 ], [ -7.3612951, 54.3118223 ], [ -7.3684905, 54.3095609 ], [ -7.3924908, 54.3180633 ], [ -7.4009299, 54.3181839 ], [ -7.3772361, 54.3339228 ], [ -7.3672331, 54.3272233 ], [ -7.356313, 54.3301575 ], [ -7.3277901, 54.330218 ], [ -7.3125422, 54.3334216 ], [ -7.323916, 54.3430578 ], [ -7.3189776, 54.3671982 ], [ -7.3112696, 54.371202 ], [ -7.3175953, 54.3695617 ], [ -7.3213944, 54.3684546 ], [ -7.3243242, 54.3700405 ], [ -7.3331562, 54.3716783 ], [ -7.3318695, 54.3759859 ], [ -7.3335392, 54.3798753 ], [ -7.34053, 54.3840433 ], [ -7.3359368, 54.3886128 ], [ -7.3370423, 54.392991 ], [ -7.3323983, 54.396146 ], [ -7.3291393, 54.3981142 ], [ -7.3317758, 54.4003837 ], [ -7.3410597, 54.39912 ], [ -7.3420234, 54.3974725 ], [ -7.349991, 54.3984806 ], [ -7.3578393, 54.3931174 ], [ -7.3542105, 54.3909978 ], [ -7.3600689, 54.3890219 ], [ -7.3646494, 54.3910798 ], [ -7.3770231, 54.3895124 ], [ -7.3834733, 54.3931751 ], [ -7.3887852, 54.3908272 ], [ -7.39221, 54.3924033 ], [ -7.3999263, 54.3869068 ], [ -7.3978104, 54.3843587 ], [ -7.4011983, 54.3814131 ], [ -7.4055883, 54.3822628 ], [ -7.4069088, 54.3787084 ], [ -7.4107449, 54.3754119 ], [ -7.4105632, 54.3708417 ], [ -7.420155, 54.3696594 ], [ -7.4299556, 54.3733868 ], [ -7.4402297, 54.3667581 ], [ -7.435708, 54.3619934 ], [ -7.4409232, 54.3604183 ], [ -7.4512091, 54.3549438 ], [ -7.4494951, 54.3517177 ], [ -7.4524875, 54.3479967 ], [ -7.4595312, 54.3469662 ], [ -7.4615844, 54.344806 ], [ -7.4627939, 54.3529232 ], [ -7.4619733, 54.3578918 ], [ -7.4653169, 54.3712788 ], [ -7.4513759, 54.3850551 ], [ -7.464458, 54.3983783 ], [ -7.4844247, 54.409228199999987 ], [ -7.4931934, 54.4136627 ], [ -7.4774766, 54.4179214 ], [ -7.4676252, 54.4218328 ], [ -7.4477404, 54.4256152 ], [ -7.4242884, 54.4335879 ], [ -7.4217258, 54.4403082 ], [ -7.4267959, 54.442733 ], [ -7.4036829, 54.4402177 ], [ -7.4008107, 54.4409522 ], [ -7.3952482, 54.4409147 ], [ -7.3904229, 54.4420889 ], [ -7.3874928, 54.4385509 ], [ -7.3815086, 54.4390456 ], [ -7.3754175, 54.4367774 ], [ -7.3572275, 54.4400294 ], [ -7.3302838, 54.4449667 ], [ -7.3287382, 54.4445451 ], [ -7.3262664, 54.4438138 ], [ -7.3195178, 54.4446449 ], [ -7.3143029, 54.4424622 ], [ -7.2979653, 54.4440722 ], [ -7.2936423, 54.4443774 ], [ -7.2920242, 54.4454966 ], [ -7.2890488, 54.4452866 ], [ -7.2854401, 54.446796 ], [ -7.2881584, 54.45033 ], [ -7.2836367, 54.4512144 ], [ -7.2775177, 54.4504014 ], [ -7.2723563, 54.4539971 ], [ -7.2696213, 54.4547355 ], [ -7.2724385, 54.460381 ], [ -7.2629778, 54.4567872 ], [ -7.2597728, 54.4533534 ], [ -7.2516291, 54.4516335 ], [ -7.2414973, 54.4558742 ], [ -7.2364232, 54.4546784 ], [ -7.2338571, 54.4586632 ], [ -7.2282068, 54.4589268 ], [ -7.2208939, 54.4653322 ], [ -7.2157126, 54.4652231 ], [ -7.2152151, 54.4674866 ], [ -7.2113305, 54.4671377 ], [ -7.2203735, 54.4808316 ], [ -7.2100128, 54.4824762 ], [ -7.1974512, 54.4836104 ], [ -7.1945107, 54.4991467 ], [ -7.1800767, 54.4997147 ], [ -7.1678853, 54.4985399 ], [ -7.1660876, 54.5029621 ], [ -7.1344073, 54.4892781 ], [ -7.1310928, 54.4965922 ], [ -7.1329143, 54.4994469 ], [ -7.1416312, 54.5000027 ], [ -7.1471509, 54.5035109 ], [ -7.1452228, 54.5097096 ], [ -7.15152, 54.5158687 ], [ -7.1374487, 54.5138478 ], [ -7.1353768, 54.5119829 ], [ -7.1266015, 54.5146879 ], [ -7.1204873, 54.5192893 ], [ -7.1179099, 54.5227318 ], [ -7.1129206, 54.5296214 ], [ -7.1100921, 54.5315371 ], [ -7.1068255, 54.5355498 ], [ -7.1030214, 54.5348402 ], [ -7.1011195, 54.5383344 ], [ -7.092619, 54.5424226 ], [ -7.0921669, 54.5458548 ], [ -7.0875936, 54.5461955 ], [ -7.0695992, 54.536921899999989 ], [ -7.0664237, 54.5321685 ], [ -7.0679375, 54.5295271 ], [ -7.0455468, 54.5131454 ], [ -7.0446051, 54.505995 ], [ -7.0395179, 54.5055263 ], [ -7.0395976, 54.5132127 ], [ -7.0383335, 54.5156646 ], [ -7.0384315, 54.5182334 ], [ -7.0325615, 54.5218982 ], [ -7.0286006, 54.525914 ], [ -7.0204438, 54.5240232 ], [ -7.0115883, 54.5252665 ], [ -7.0085813, 54.5247935 ], [ -7.0005237, 54.5319295 ], [ -6.9949675, 54.5349348 ], [ -6.9933345, 54.5364211 ], [ -6.9900409, 54.535727 ], [ -6.9729438, 54.5458038 ], [ -6.9711645, 54.5489093 ], [ -6.9677315, 54.5485873 ], [ -6.9680037, 54.545898199999989 ], [ -6.9590429, 54.5388779 ], [ -6.9541437, 54.5406486 ], [ -6.9370546, 54.5388168 ], [ -6.9243769, 54.536925 ], [ -6.9210176, 54.5419895 ], [ -6.9098716, 54.5530872 ], [ -6.9084526, 54.5545002 ], [ -6.899678, 54.5508209 ], [ -6.8902315, 54.5532145 ], [ -6.8812036, 54.5543836 ], [ -6.8793729, 54.5618371 ], [ -6.8763767, 54.5651179 ], [ -6.8705725, 54.5654057 ], [ -6.8670072, 54.5714094 ], [ -6.861491, 54.5718335 ], [ -6.8583128, 54.5712412 ], [ -6.8551739, 54.5727471 ], [ -6.8920223, 54.5867618 ], [ -6.8983262, 54.5906107 ], [ -6.9076232, 54.5905574 ], [ -6.9130834, 54.589702 ], [ -6.9230738, 54.5931965 ], [ -6.9159876, 54.5995506 ], [ -6.914038, 54.6015832 ], [ -6.9061471, 54.6015672 ], [ -6.9120438, 54.6048046 ], [ -6.9341607, 54.6114145 ], [ -6.9281806, 54.6252452 ], [ -6.9258565, 54.6303678 ], [ -6.9287665, 54.6340698 ], [ -6.9275261, 54.6421508 ], [ -6.8917839, 54.6459103 ], [ -6.8732796, 54.6502413 ], [ -6.9097198, 54.6639778 ], [ -6.9245035, 54.6699072 ], [ -6.9248752, 54.682895699999989 ], [ -6.9271438, 54.68652 ], [ -6.9253077, 54.6940054 ], [ -6.929673, 54.6949813 ], [ -6.9317916, 54.6936905 ], [ -6.9350681, 54.696758 ], [ -6.9395261, 54.7075944 ], [ -6.9386556, 54.7091822 ], [ -6.9481949, 54.7189688 ], [ -6.9612642, 54.716836699999988 ], [ -6.9720785, 54.7238433 ], [ -6.9583221, 54.7315644 ], [ -6.9663767, 54.7362205 ], [ -6.9727242, 54.7394791 ], [ -6.9711005, 54.7437562 ], [ -6.9405638, 54.7528013 ], [ -6.9367832, 54.7676621 ], [ -6.9408352, 54.7736688 ], [ -6.9548963, 54.7726866 ], [ -6.9699242, 54.7733111 ], [ -6.9798035, 54.7803896 ], [ -7.0070263, 54.7791829 ], [ -7.0330908, 54.7713593 ], [ -7.0706637, 54.7659736 ], [ -7.0817949, 54.7664829 ], [ -7.0825381, 54.768980299999988 ], [ -7.0830384, 54.7734199 ], [ -7.0946746, 54.7710001 ], [ -7.101444, 54.7771419 ], [ -7.0866909, 54.7842846 ], [ -7.0818074, 54.8043075 ], [ -7.0863342, 54.8079888 ], [ -7.0836497, 54.8112477 ], [ -7.0839906, 54.8162863 ], [ -7.0754787, 54.8310092 ], [ -7.0895147, 54.8290151 ], [ -7.1011066, 54.8237622 ], [ -7.1224828, 54.8277748 ], [ -7.1427247, 54.8413545 ], [ -7.1465845, 54.8438482 ], [ -7.1578246, 54.8474386 ], [ -7.1652638, 54.8397745 ], [ -7.1764311, 54.8309903 ], [ -7.1864908, 54.8274835 ], [ -7.1940289, 54.8279428 ], [ -7.2219213, 54.8219723 ], [ -7.2267696, 54.8241291 ], [ -7.235048, 54.8116427 ], [ -7.2355893, 54.8084968 ], [ -7.2380059, 54.8044085 ], [ -7.2503028, 54.797783 ], [ -7.256895, 54.7788582 ], [ -7.2533041, 54.7710477 ], [ -7.2548618, 54.7699777 ], [ -7.2644202, 54.7760027 ], [ -7.2700194, 54.7843664 ], [ -7.2809671, 54.7946273 ], [ -7.2862543, 54.8025823 ], [ -7.2939405, 54.8079549 ], [ -7.295776, 54.8110117 ], [ -7.2993196, 54.816914499999989 ], [ -7.3149578, 54.8180322 ], [ -7.3248989, 54.8181259 ], [ -7.3424773, 54.8213664 ], [ -7.3528419, 54.8226471 ], [ -7.3583463, 54.8262806 ], [ -7.3638278, 54.8324101 ], [ -7.3837476, 54.8319407 ], [ -7.3815003, 54.8239151 ], [ -7.3774225, 54.81657 ], [ -7.3813052, 54.8083202 ], [ -7.3956079, 54.8048627 ], [ -7.4090972, 54.8022187 ], [ -7.4085594, 54.800219 ], [ -7.4166622, 54.7993027 ], [ -7.4185617, 54.78965 ], [ -7.4236165, 54.788663199999988 ], [ -7.424712, 54.7861884 ], [ -7.4333973, 54.7833626 ], [ -7.4424427, 54.7839654 ], [ -7.4381545, 54.7769361 ], [ -7.4291685, 54.7703027 ], [ -7.4257889, 54.7649697 ], [ -7.4223027, 54.7649552 ], [ -7.4203691, 54.7567301 ], [ -7.4122849, 54.7553971 ], [ -7.402493, 54.7450944 ], [ -7.3988965, 54.7421439 ], [ -7.4044967, 54.7352756 ], [ -7.4045347, 54.7298057 ], [ -7.3922997, 54.723763 ], [ -7.3898179, 54.7231593 ], [ -7.3908378, 54.7222578 ], [ -7.3924324, 54.7176872 ], [ -7.3880537, 54.7164666 ], [ -7.3897723, 54.7138034 ], [ -7.3849685, 54.7139325 ], [ -7.3786806, 54.7109614 ], [ -7.3704357, 54.7152937 ], [ -7.3639764, 54.7207473 ], [ -7.3540711, 54.7009753 ], [ -7.3848976, 54.6958841 ], [ -7.3940103, 54.6906786 ], [ -7.3977815, 54.6834802 ], [ -7.405655, 54.6781659 ], [ -7.4180646, 54.6678668 ], [ -7.4261857, 54.6663682 ], [ -7.4416251, 54.6529099 ], [ -7.4417588, 54.649246899999987 ], [ -7.440553, 54.6470107 ], [ -7.4488039, 54.6441598 ], [ -7.4472231, 54.6416428 ], [ -7.4518064, 54.6404751 ], [ -7.4582678, 54.6412008 ], [ -7.4624199, 54.6449572 ], [ -7.4721869, 54.6459424 ], [ -7.4798791, 54.6496372 ], [ -7.4804995, 54.6533484 ], [ -7.4867535, 54.6536824 ], [ -7.4938445, 54.6493393 ], [ -7.5026687, 54.6518451 ], [ -7.5087906, 54.652921 ], [ -7.5106729, 54.6535743 ], [ -7.515554, 54.6487557 ], [ -7.5203245, 54.6481789 ], [ -7.5314829, 54.6440301 ], [ -7.5343717, 54.6416266 ], [ -7.5501648, 54.6386985 ], [ -7.5529836, 54.6406679 ], [ -7.550927, 54.6472372 ], [ -7.5635727, 54.6466536 ], [ -7.5753669, 54.6387235 ], [ -7.5738022, 54.6304858 ], [ -7.5732004, 54.6296453 ], [ -7.5773421, 54.6310676 ], [ -7.5831759, 54.633642 ], [ -7.5984171, 54.6340974 ], [ -7.6158223, 54.6322356 ], [ -7.6184325, 54.6294806 ], [ -7.6170256, 54.6250846 ], [ -7.6259974, 54.6276983 ], [ -7.6363792, 54.627058899999987 ], [ -7.6390089, 54.6258448 ], [ -7.6405883, 54.625895 ], [ -7.6490645, 54.62786 ], [ -7.6598608, 54.625128 ], [ -7.6668593, 54.621015 ], [ -7.6756123, 54.6194704 ], [ -7.6783919, 54.6160264 ], [ -7.6788678, 54.6151509 ], [ -7.6890264, 54.6121576 ], [ -7.6976053, 54.6079364 ], [ -7.7031847, 54.6084989 ], [ -7.7156323, 54.6062235 ], [ -7.7302909, 54.6030426 ], [ -7.7435049, 54.5991001 ], [ -7.7474224, 54.5995616 ], [ -7.7603599, 54.594189 ], [ -7.7627471, 54.5905728 ], [ -7.7627185, 54.5896257 ], [ -7.7592693, 54.5872655 ], [ -7.7652456, 54.5857261 ], [ -7.78779, 54.5803851 ], [ -7.7936105, 54.581749 ], [ -7.7969813, 54.5794107 ], [ -7.7958361, 54.5780324 ], [ -7.7977673, 54.5770663 ], [ -7.7986738, 54.577901 ], [ -7.7988855, 54.5740396 ], [ -7.7977491, 54.571261 ], [ -7.8073901, 54.5661023 ], [ -7.8107396, 54.5656744 ], [ -7.8139427, 54.5637761 ], [ -7.819894, 54.5617864 ], [ -7.8257909, 54.556767 ], [ -7.8272941, 54.5556747 ], [ -7.8288158, 54.5553816 ], [ -7.8332404, 54.5522343 ], [ -7.83051, 54.5480671 ], [ -7.824686, 54.546695 ], [ -7.8253082, 54.5438794 ], [ -7.8349968, 54.5396784 ], [ -7.848343, 54.5349451 ], [ -7.8512466, 54.5332681 ], [ -7.8584709, 54.5366154 ], [ -7.8717955, 54.5349473 ], [ -7.8817915, 54.535436 ], [ -7.8857205, 54.5367612 ], [ -7.8926941, 54.5355758 ], [ -7.9080564, 54.5371436 ], [ -7.9171338, 54.5365016 ], [ -7.9393303, 54.5334543 ], [ -7.9443067, 54.5360379 ], [ -7.9507458, 54.533811 ], [ -7.9565112, 54.5371713 ], [ -7.9594067, 54.5381954 ], [ -7.9607173, 54.5410375 ], [ -7.9691319, 54.5450169 ], [ -7.9703165, 54.5472892 ], [ -7.9918475, 54.5431539 ], [ -8.0063134, 54.5453906 ], [ -8.0140115, 54.5354896 ], [ -8.0129741, 54.5330371 ], [ -8.0172683, 54.530813 ], [ -8.0402289, 54.5084543 ], [ -8.0411796, 54.5051765 ], [ -8.0389911, 54.5018715 ], [ -8.0426448, 54.4881195 ], [ -8.0764878, 54.4871961 ], [ -8.0807023, 54.4880415 ], [ -8.0811954, 54.4870912 ], [ -8.0890625, 54.4864858 ], [ -8.0986133, 54.4842123 ], [ -8.0960936, 54.4810261 ], [ -8.0972348, 54.4800049 ], [ -8.0911444, 54.4763684 ], [ -8.102682, 54.4772091 ], [ -8.1145006, 54.4753989 ], [ -8.1143807, 54.472662 ], [ -8.1118821, 54.4707049 ], [ -8.1175046, 54.4690209 ], [ -8.1642681, 54.469103 ], [ -8.1755585, 54.465804 ], [ -8.1768085, 54.4651482 ], [ -8.169964, 54.464289 ], [ -8.1672435, 54.4592142 ], [ -8.1430238, 54.4508344 ], [ -8.1502339, 54.4441816 ], [ -8.1606333, 54.4439133 ], [ -8.1600561, 54.440226 ], [ -8.096599, 54.4054212 ], [ -8.0832895, 54.3953074 ], [ -8.0742725, 54.3865048 ], [ -8.0629398, 54.3732932 ], [ -8.0600374, 54.3727808 ], [ -8.0590504, 54.3697955 ], [ -8.0569393, 54.369004 ], [ -8.0580874, 54.3667539 ], [ -8.0566465, 54.3670772 ], [ -8.0573928, 54.3657411 ], [ -8.0493044, 54.3656512 ], [ -8.0457043, 54.3629091 ], [ -8.0392416, 54.3620795 ], [ -8.0337938, 54.3574218 ], [ -8.0293701, 54.3574721 ], [ -8.02492, 54.3595489 ], [ -8.0181812, 54.3567287 ], [ -8.006766, 54.3609924 ], [ -7.9974644, 54.3556749 ], [ -8.0008196, 54.3492382 ], [ -7.9978584, 54.3464679 ], [ -7.986393, 54.3441261 ], [ -7.9813671, 54.3353226 ], [ -7.9701665, 54.3284125 ], [ -7.9626097, 54.3168154 ], [ -7.9609199, 54.3120555 ], [ -7.943255, 54.3042024 ], [ -7.9291051, 54.3036588 ], [ -7.9225084, 54.3038553 ], [ -7.9175947, 54.3015697 ], [ -7.9141797, 54.2968608 ], [ -7.9058028, 54.2966347 ], [ -7.9003225, 54.3013457 ], [ -7.8877229, 54.3000433 ], [ -7.8802643, 54.29193 ], [ -7.8752833, 54.2943464 ], [ -7.8620571, 54.2931458 ], [ -7.8650719, 54.2886411 ], [ -7.8705605, 54.2882847 ], [ -7.8719097, 54.2818355 ], [ -7.8724846, 54.2788908 ], [ -7.871712, 54.2754246 ], [ -7.8728017, 54.2662087 ], [ -7.8642287, 54.2604064 ], [ -7.860487, 54.2599925 ], [ -7.8609455, 54.2492564 ], [ -7.8596432, 54.2347133 ], [ -7.8577749, 54.225212199999987 ], [ -7.8559865, 54.2215965 ], [ -7.8607874, 54.2179446 ], [ -7.811185, 54.2010957 ], [ -7.8036729, 54.207015399999989 ], [ -7.782121, 54.207532799999989 ], [ -7.7775623, 54.208615699999989 ], [ -7.771148, 54.2073867 ], [ -7.7685355, 54.208054399999988 ], [ -7.7602164, 54.2083709 ], [ -7.7507037, 54.209531 ], [ -7.7474914, 54.207773 ], [ -7.7419798, 54.2038015 ], [ -7.7264091, 54.2039723 ], [ -7.7087457, 54.2039985 ], [ -7.7020185, 54.2077939 ], [ -7.6925608, 54.2040768 ], [ -7.6860244, 54.2078525 ], [ -7.6882335, 54.2018169 ], [ -7.6866324, 54.1980797 ], [ -7.6838249, 54.1963407 ], [ -7.685585, 54.1938873 ], [ -7.6797731, 54.1927242 ], [ -7.6791054, 54.191877399999989 ], [ -7.6790362, 54.1906859 ], [ -7.6766154, 54.1822486 ], [ -7.672055, 54.1814559 ], [ -7.6642331, 54.1878897 ], [ -7.6557277, 54.1846728 ], [ -7.6427483, 54.1748342 ], [ -7.6282352, 54.1684569 ], [ -7.6258887, 54.1639059 ], [ -7.6241681, 54.152817 ], [ -7.6094211, 54.145617 ], [ -7.6103489, 54.1438874 ], [ -7.5902527, 54.1402941 ], [ -7.5829336, 54.1423085 ], [ -7.5781976, 54.1410343 ], [ -7.5744295, 54.1414285 ], [ -7.5745981, 54.1331783 ], [ -7.5697082, 54.1328919 ], [ -7.5646145, 54.1267352 ], [ -7.5558352, 54.1270943 ], [ -7.5470461, 54.1221594 ], [ -7.5448846, 54.1268815 ], [ -7.5464103, 54.1292188 ], [ -7.5370832, 54.1275923 ], [ -7.5358361, 54.1317826 ], [ -7.5272313, 54.1355638 ], [ -7.519286, 54.1296658 ], [ -7.5080563, 54.1293285 ], [ -7.5015139, 54.126498299999987 ], [ -7.4928901, 54.1246154 ], [ -7.489869, 54.1231397 ], [ -7.4787484, 54.122466 ], [ -7.4718596, 54.1274103 ], [ -7.4706422, 54.1333623 ], [ -7.4670552, 54.1352717 ], [ -7.4673526, 54.1410366 ], [ -7.4526058, 54.1459664 ], [ -7.4454195, 54.155061 ], [ -7.4527154, 54.1603736 ], [ -7.4569986, 54.158563 ], [ -7.4595724, 54.1549606 ], [ -7.465679, 54.1540056 ], [ -7.467269, 54.1513898 ], [ -7.4745722, 54.1504158 ], [ -7.4777451, 54.1510997 ], [ -7.4816319, 54.1492086 ], [ -7.4936885, 54.1471644 ], [ -7.4920691, 54.1500755 ], [ -7.4879771, 54.154635 ], [ -7.4780336, 54.1542433 ], [ -7.4721152, 54.1562639 ], [ -7.4669496, 54.157309 ], [ -7.4643965, 54.1597581 ], [ -7.4629374, 54.1602387 ], [ -7.4575574, 54.160442 ], [ -7.4590354, 54.1635315 ], [ -7.4663064, 54.1662817 ], [ -7.4735923, 54.1707914 ], [ -7.4776985, 54.1688412 ], [ -7.4690395, 54.1618315 ], [ -7.4852106, 54.1579836 ], [ -7.4904735, 54.1605147 ], [ -7.493125, 54.1606416 ], [ -7.4882816, 54.1632607 ], [ -7.483362, 54.1604458 ], [ -7.47723, 54.163091 ], [ -7.4779289, 54.1659872 ], [ -7.4809168, 54.1667849 ], [ -7.4827504, 54.1722498 ], [ -7.4832315, 54.1741064 ], [ -7.475253, 54.1747428 ], [ -7.4740692, 54.1777714 ], [ -7.4805751, 54.1812999 ], [ -7.4866488, 54.1895439 ], [ -7.4934819, 54.1937888 ], [ -7.4949085, 54.1919668 ], [ -7.5021116, 54.1919208 ], [ -7.5087861, 54.1908247 ], [ -7.5147528, 54.198699899999987 ], [ -7.5070554, 54.2021627 ], [ -7.5054785, 54.2022437 ], [ -7.505049, 54.2061405 ], [ -7.5200244, 54.2039701 ], [ -7.5211136, 54.2062741 ], [ -7.5182013, 54.2062632 ], [ -7.5163869, 54.2088032 ], [ -7.5221767, 54.210152099999988 ], [ -7.5256228, 54.2106122 ], [ -7.5267609, 54.2148309 ], [ -7.5351581, 54.2145814 ], [ -7.5330291, 54.2175544 ], [ -7.52378, 54.2190025 ], [ -7.5232851, 54.22106 ], [ -7.5284741, 54.2241574 ], [ -7.5313066, 54.2272009 ], [ -7.5393169, 54.2280158 ], [ -7.5388982, 54.2266965 ], [ -7.5409777, 54.2255674 ], [ -7.5464529, 54.2293587 ], [ -7.548563, 54.2301807 ], [ -7.554499, 54.2313779 ], [ -7.5549508, 54.2328373 ], [ -7.557402, 54.2317634 ], [ -7.5571, 54.229225799999988 ], [ -7.5591884, 54.2291657 ], [ -7.5581588, 54.2275846 ], [ -7.5617433, 54.2262537 ], [ -7.5732099, 54.2305628 ], [ -7.5745827, 54.2310187 ], [ -7.5787277, 54.2327568 ], [ -7.5766947, 54.2345118 ], [ -7.5802742, 54.234153899999988 ], [ -7.5818127, 54.2340317 ], [ -7.585688, 54.233367 ], [ -7.5876076, 54.2333743 ], [ -7.5920336, 54.2350782 ], [ -7.5904412, 54.2389196 ], [ -7.5873597, 54.2403029 ], [ -7.5887194, 54.242155 ], [ -7.5887533, 54.2434381 ], [ -7.586732, 54.2440251 ], [ -7.5948269, 54.2450654 ], [ -7.5958706, 54.2466775 ], [ -7.5991872, 54.2460327 ], [ -7.6047477, 54.2479297 ], [ -7.6048632, 54.2491551 ], [ -7.592609, 54.250875 ], [ -7.5889281, 54.2511263 ], [ -7.5874397, 54.253810099999988 ], [ -7.59664, 54.2546196 ], [ -7.5978783, 54.2551832 ], [ -7.5930115, 54.254802399999988 ], [ -7.5908209, 54.2575526 ], [ -7.5864007, 54.2549184 ], [ -7.584523, 54.2551694 ], [ -7.5817177, 54.256908599999988 ], [ -7.581822, 54.2600048 ], [ -7.5779493, 54.2612763 ], [ -7.5729943, 54.2602797 ], [ -7.5732479, 54.2683817 ], [ -7.5687858, 54.2723188 ], [ -7.5676321, 54.2699369 ], [ -7.5706591, 54.2658762 ], [ -7.5686463, 54.2594258 ], [ -7.5598241, 54.2597765 ], [ -7.5574003, 54.266014 ], [ -7.5564592, 54.265252 ], [ -7.5477972, 54.2663374 ], [ -7.5452408, 54.2691851 ], [ -7.54171, 54.2662767 ], [ -7.5523026, 54.263559 ], [ -7.5565679, 54.2605557 ], [ -7.5505627, 54.26069 ], [ -7.5566755, 54.2557743 ], [ -7.5516091, 54.2558166 ], [ -7.5523169, 54.2532094 ], [ -7.5425779, 54.2580302 ], [ -7.5385831, 54.2578547 ], [ -7.5352742, 54.2600072 ], [ -7.5310265, 54.2606738 ], [ -7.5272298, 54.261347799999989 ], [ -7.5340627, 54.2574195 ], [ -7.5354214, 54.25576 ], [ -7.5450882, 54.2520805 ], [ -7.5514646, 54.2508121 ], [ -7.5442536, 54.2481703 ], [ -7.5401471, 54.2494438 ], [ -7.5367459, 54.2481888 ], [ -7.5311084, 54.2486556 ], [ -7.5322788, 54.2552486 ], [ -7.5211451, 54.2533762 ], [ -7.5171923, 54.2557197 ], [ -7.516737, 54.2523363 ], [ -7.5237494, 54.2488595 ], [ -7.5174967, 54.2487431 ], [ -7.515141, 54.2471962 ], [ -7.5160046, 54.2458567 ], [ -7.5180057, 54.2462001 ], [ -7.5250704, 54.2468988 ], [ -7.5262758, 54.2449467 ], [ -7.5307922, 54.2434688 ], [ -7.5264019, 54.242548 ], [ -7.5262302, 54.239204 ], [ -7.5180423, 54.2339466 ], [ -7.5138177, 54.2346059 ], [ -7.5130378, 54.2317848 ], [ -7.5087925, 54.2314915 ], [ -7.507088, 54.2299405 ], [ -7.5060043, 54.2324009 ], [ -7.5003316, 54.2311443 ], [ -7.4983892, 54.2291377 ], [ -7.4948553, 54.2294964 ], [ -7.4941817, 54.2304383 ], [ -7.4812916, 54.2268358 ], [ -7.4778546, 54.2257538 ], [ -7.4726263, 54.226023 ], [ -7.4699528, 54.2232211 ], [ -7.4757433, 54.2226911 ], [ -7.4772997, 54.2209 ], [ -7.4866138, 54.2231032 ], [ -7.4771024, 54.2140181 ], [ -7.4797791, 54.2132433 ], [ -7.4857824, 54.2132206 ], [ -7.4900187, 54.2085974 ], [ -7.4955659, 54.2036933 ], [ -7.4928625, 54.1989237 ], [ -7.4877713, 54.1995612 ], [ -7.4840437, 54.2065914 ], [ -7.4761108, 54.2074373 ], [ -7.4737866, 54.2050209 ], [ -7.4830083, 54.2017156 ], [ -7.4821146, 54.1966389 ], [ -7.4812554, 54.1958873 ], [ -7.4777297, 54.1925691 ], [ -7.4728176, 54.1957943 ], [ -7.4711063, 54.1990017 ], [ -7.4653116, 54.1993795 ], [ -7.4665703, 54.1975685 ], [ -7.4692515, 54.1962299 ], [ -7.4692357, 54.1924481 ], [ -7.4738734, 54.1903916 ], [ -7.4646158, 54.1902482 ], [ -7.4637472, 54.1867687 ], [ -7.4570241, 54.1851524 ], [ -7.4597847, 54.1828182 ], [ -7.4543406, 54.1782691 ], [ -7.4572178, 54.1754803 ], [ -7.4508948, 54.1728326 ], [ -7.44671, 54.1718131 ], [ -7.4484149, 54.1710238 ], [ -7.4534794, 54.1697832 ], [ -7.4539433, 54.1671949 ], [ -7.452499, 54.1668461 ], [ -7.4543447, 54.1662713 ], [ -7.4632884, 54.1724014 ], [ -7.4648387, 54.1702107 ], [ -7.4561509, 54.1630602 ] ], [ [ -7.5978783, 54.2551832 ], [ -7.6000969, 54.2554158 ], [ -7.6001457, 54.2611959 ], [ -7.5952444, 54.261333 ], [ -7.5989125, 54.2572092 ], [ -7.5978783, 54.2551832 ] ], [ [ -7.5655055, 54.2740581 ], [ -7.5580994, 54.2752636 ], [ -7.5569593, 54.2742142 ], [ -7.560179, 54.2741015 ], [ -7.5604695, 54.2678604 ], [ -7.562364, 54.2731012 ], [ -7.5655055, 54.2740581 ] ], [ [ -7.5551971, 54.2742705 ], [ -7.5536935, 54.27557 ], [ -7.5512184, 54.2746718 ], [ -7.5551971, 54.2742705 ] ], [ [ -7.4640329, 54.2012483 ], [ -7.4607998, 54.2031761 ], [ -7.4624027, 54.201021 ], [ -7.4640329, 54.2012483 ] ], [ [ -7.4607998, 54.2031761 ], [ -7.4542523, 54.2065546 ], [ -7.4529467, 54.205599 ], [ -7.4607998, 54.2031761 ] ], [ [ -7.6574578, 54.3588328 ], [ -7.6591078, 54.3562497 ], [ -7.6601928, 54.3570315 ], [ -7.6620146, 54.3561876 ], [ -7.6648181, 54.357752299999987 ], [ -7.6659539, 54.3671512 ], [ -7.6679559, 54.3713112 ], [ -7.6729874, 54.375793 ], [ -7.6751077, 54.3815855 ], [ -7.6727961, 54.3823832 ], [ -7.67618, 54.3861269 ], [ -7.6743165, 54.3892008 ], [ -7.6811026, 54.3902536 ], [ -7.6854404, 54.3931257 ], [ -7.685314, 54.3940516 ], [ -7.6888321, 54.4017517 ], [ -7.6849836, 54.4020043 ], [ -7.6917591, 54.4048985 ], [ -7.6937978, 54.4079912 ], [ -7.6930457, 54.409362 ], [ -7.6976271, 54.4103199 ], [ -7.6990842, 54.410772 ], [ -7.7105182, 54.416850399999987 ], [ -7.7091918, 54.406651 ], [ -7.7118245, 54.4078556 ], [ -7.7157018, 54.4107943 ], [ -7.7245326, 54.4120571 ], [ -7.7317539, 54.4177601 ], [ -7.7348468, 54.4208522 ], [ -7.732591, 54.4237904 ], [ -7.7364186, 54.4255142 ], [ -7.7387071, 54.4235852 ], [ -7.7393756, 54.4226278 ], [ -7.7454467, 54.4238202 ], [ -7.748657, 54.4257221 ], [ -7.746663, 54.4271804 ], [ -7.7516697, 54.4302525 ], [ -7.754903, 54.4317547 ], [ -7.7471182, 54.4316357 ], [ -7.7437947, 54.4293462 ], [ -7.7368072, 54.4301875 ], [ -7.7388738, 54.432251 ], [ -7.7475337, 54.4337568 ], [ -7.7579194, 54.4338413 ], [ -7.7589076, 54.4367645 ], [ -7.7642342, 54.440211 ], [ -7.7820005, 54.444748 ], [ -7.7909069, 54.4445631 ], [ -7.7920895, 54.4453493 ], [ -7.7904187, 54.4458711 ], [ -7.7919003, 54.4463533 ], [ -7.793782, 54.4480955 ], [ -7.8047882, 54.4515343 ], [ -7.7896839, 54.4520079 ], [ -7.7914859, 54.4541817 ], [ -7.8032364, 54.4549732 ], [ -7.805178, 54.4562052 ], [ -7.8003346, 54.4576747 ], [ -7.8013162, 54.4605724 ], [ -7.8096783, 54.459179 ], [ -7.8140659, 54.4615705 ], [ -7.8284819, 54.4616911 ], [ -7.831844, 54.4658199 ], [ -7.8287381, 54.4680456 ], [ -7.8447396, 54.473626 ], [ -7.8667083, 54.4717766 ], [ -7.8758035, 54.473504 ], [ -7.87735, 54.4736989 ], [ -7.9097174, 54.4735367 ], [ -7.9164412, 54.4735645 ], [ -7.9160433, 54.4755134 ], [ -7.9179965, 54.4753871 ], [ -7.9196996, 54.4737929 ], [ -7.9291782, 54.4740294 ], [ -7.9468292, 54.4744266 ], [ -7.9674213, 54.4717407 ], [ -7.9791292, 54.4723137 ], [ -8.0102269, 54.4681333 ], [ -8.010789, 54.4704879 ], [ -8.0107871, 54.4714072 ], [ -8.0120994, 54.4728729 ], [ -8.0117051, 54.4749931 ], [ -8.0113686, 54.4767703 ], [ -8.0096071, 54.4768556 ], [ -8.0069975, 54.4789403 ], [ -8.0012928, 54.479855 ], [ -8.000111, 54.4804556 ], [ -7.9953672, 54.4820655 ], [ -7.9951795, 54.4810565 ], [ -7.9937911, 54.4818854 ], [ -7.9923944, 54.4827282 ], [ -7.989159, 54.4828025 ], [ -7.9899025, 54.4820081 ], [ -7.9877884, 54.479730399999987 ], [ -7.9913628, 54.4760695 ], [ -7.9881687, 54.4753707 ], [ -7.9850864, 54.4749506 ], [ -7.9758112, 54.4763652 ], [ -7.9654963, 54.4823369 ], [ -7.9544606, 54.4849792 ], [ -7.9564511, 54.4861455 ], [ -7.9550081, 54.4865011 ], [ -7.9543343, 54.487312 ], [ -7.9379767, 54.4927674 ], [ -7.9315601, 54.4944864 ], [ -7.9331696, 54.4956848 ], [ -7.9392008, 54.4949969 ], [ -7.9390187, 54.4936677 ], [ -7.940712, 54.493428 ], [ -7.9678644, 54.4864312 ], [ -7.9724621, 54.4866447 ], [ -7.9690941, 54.4885689 ], [ -7.9703297, 54.4892607 ], [ -7.9674598, 54.4904246 ], [ -7.973263, 54.4911696 ], [ -7.9582934, 54.4930025 ], [ -7.9547772, 54.4934395 ], [ -7.9517226, 54.4940523 ], [ -7.9564968, 54.4959839 ], [ -7.9756548, 54.4929722 ], [ -7.9827196, 54.4914541 ], [ -7.9769722, 54.4974076 ], [ -7.9613897, 54.5005132 ], [ -7.9599834, 54.501772 ], [ -7.9478598, 54.5052513 ], [ -7.9339626, 54.507198 ], [ -7.9342564, 54.5054476 ], [ -7.9352958, 54.5044341 ], [ -7.9140212, 54.506086 ], [ -7.9071065, 54.5088997 ], [ -7.9038321, 54.5118832 ], [ -7.8907237, 54.5166326 ], [ -7.8909184, 54.514795199999988 ], [ -7.8891665, 54.5146566 ], [ -7.8794698, 54.5176966 ], [ -7.8830534, 54.5188944 ], [ -7.8855373, 54.5189955 ], [ -7.8697494, 54.5251697 ], [ -7.860023, 54.5307446 ], [ -7.8536959, 54.5328594 ], [ -7.8509938, 54.5315858 ], [ -7.8503804, 54.5324852 ], [ -7.8444366, 54.531973199999989 ], [ -7.8382764, 54.5322751 ], [ -7.8380694, 54.5299601 ], [ -7.8356052, 54.5314942 ], [ -7.8340586, 54.5329446 ], [ -7.8299318, 54.5304907 ], [ -7.8303755, 54.5280985 ], [ -7.8244787, 54.528236899999989 ], [ -7.8233126, 54.5289958 ], [ -7.8222358, 54.529697 ], [ -7.8174749, 54.5325932 ], [ -7.8097169, 54.5311692 ], [ -7.8069663, 54.5288524 ], [ -7.798139, 54.531621 ], [ -7.7921938, 54.534163 ], [ -7.7865743, 54.5332142 ], [ -7.7852087, 54.5326004 ], [ -7.7873657, 54.5294381 ], [ -7.785044, 54.5279024 ], [ -7.7780921, 54.5275306 ], [ -7.7716221, 54.5270137 ], [ -7.7614137, 54.5299695 ], [ -7.757272, 54.5296935 ], [ -7.7562173, 54.5271833 ], [ -7.7491055, 54.5254851 ], [ -7.7502072, 54.5240399 ], [ -7.7515307, 54.5235124 ], [ -7.7598949, 54.5199804 ], [ -7.7534687, 54.5194226 ], [ -7.7462336, 54.5225921 ], [ -7.741923, 54.5209197 ], [ -7.7393075, 54.5177749 ], [ -7.7434891, 54.5160313 ], [ -7.7439573, 54.5148403 ], [ -7.7467527, 54.5119951 ], [ -7.7484898, 54.5114258 ], [ -7.7599927, 54.5056737 ], [ -7.7599786, 54.5047648 ], [ -7.7635418, 54.5021215 ], [ -7.7621534, 54.5007481 ], [ -7.7753429, 54.4984164 ], [ -7.7705949, 54.4974514 ], [ -7.7691093, 54.4970445 ], [ -7.7624433, 54.4973509 ], [ -7.7506915, 54.4950997 ], [ -7.7515785, 54.4926397 ], [ -7.7423778, 54.4934566 ], [ -7.7398141, 54.4949293 ], [ -7.7329231, 54.494067 ], [ -7.731946, 54.4927671 ], [ -7.7297994, 54.4923905 ], [ -7.7179656, 54.4885076 ], [ -7.7227522, 54.487707 ], [ -7.7235648, 54.4857325 ], [ -7.7293954, 54.4849191 ], [ -7.724856, 54.4846307 ], [ -7.7250246, 54.4810514 ], [ -7.7363998, 54.4793418 ], [ -7.7386759, 54.4782009 ], [ -7.7369401, 54.4772584 ], [ -7.7387986, 54.4771793 ], [ -7.7386941, 54.4760687 ], [ -7.7412448, 54.4747818 ], [ -7.7346489, 54.4730263 ], [ -7.7377324, 54.4696496 ], [ -7.7317424, 54.4687672 ], [ -7.7340326, 54.4665997 ], [ -7.7487417, 54.4714163 ], [ -7.7467324, 54.4664407 ], [ -7.7429992, 54.4634435 ], [ -7.7294544, 54.4610476 ], [ -7.7302135, 54.4584783 ], [ -7.7380818, 54.4604284 ], [ -7.7405612, 54.4579207 ], [ -7.7313671, 54.4507821 ], [ -7.7325341, 54.4492225 ], [ -7.7213855, 54.4484035 ], [ -7.7209058, 54.4458009 ], [ -7.7164855, 54.4458036 ], [ -7.711645, 54.4407227 ], [ -7.7157658, 54.4406644 ], [ -7.7147643, 54.4388916 ], [ -7.7126625, 54.4378612 ], [ -7.7057209, 54.434638 ], [ -7.7021344, 54.4337698 ], [ -7.6930787, 54.4387039 ], [ -7.6851107, 54.4331288 ], [ -7.6852075, 54.4310714 ], [ -7.6821326, 54.4284945 ], [ -7.6836264, 54.4268684 ], [ -7.6832572, 54.4259833 ], [ -7.6924333, 54.4214926 ], [ -7.67688, 54.4231231 ], [ -7.6774603, 54.4202065 ], [ -7.6749456, 54.4179789 ], [ -7.6743235, 54.4166316 ], [ -7.670616, 54.4141866 ], [ -7.6698362, 54.4114697 ], [ -7.6666277, 54.4110675 ], [ -7.6672295, 54.409043 ], [ -7.66931, 54.4080069 ], [ -7.6661356, 54.4060576 ], [ -7.6700237, 54.4054876 ], [ -7.6751117, 54.4055693 ], [ -7.6733626, 54.4036285 ], [ -7.6675222, 54.4023109 ], [ -7.6679352, 54.3997457 ], [ -7.6609707, 54.3975802 ], [ -7.6593463, 54.397892 ], [ -7.6597062, 54.3968332 ], [ -7.6612819, 54.389431 ], [ -7.6605245, 54.3868338 ], [ -7.6547137, 54.3858622 ], [ -7.6528557, 54.3888538 ], [ -7.6524263, 54.3906525 ], [ -7.6490106, 54.390518 ], [ -7.6466761, 54.3874491 ], [ -7.6544999, 54.382136 ], [ -7.6504518, 54.3772398 ], [ -7.6462152, 54.3762074 ], [ -7.650314, 54.3704703 ], [ -7.6518533, 54.3649493 ], [ -7.6592677, 54.3652594 ], [ -7.6620837, 54.3659377 ], [ -7.6616662, 54.3606765 ], [ -7.6574578, 54.3588328 ] ], [ [ -7.7069109, 54.4051978 ], [ -7.701429, 54.4061223 ], [ -7.6986803, 54.4054489 ], [ -7.694477, 54.3981431 ], [ -7.6939483, 54.3956082 ], [ -7.7012961, 54.3976804 ], [ -7.704649, 54.3998221 ], [ -7.704635, 54.403877 ], [ -7.7069109, 54.4051978 ] ], [ [ -7.7369401, 54.4772584 ], [ -7.7343425, 54.4784117 ], [ -7.7353135, 54.4771733 ], [ -7.7369401, 54.4772584 ] ], [ [ -7.6820234, 54.426813 ], [ -7.6814197, 54.425764 ], [ -7.6832572, 54.4259833 ], [ -7.6820234, 54.426813 ] ] ], [ [ [ -7.7865239, 54.5264815 ], [ -7.7966147, 54.5289826 ], [ -7.8141092, 54.5247841 ], [ -7.823438, 54.5246262 ], [ -7.8266149, 54.5219485 ], [ -7.8312581, 54.5252953 ], [ -7.8368853, 54.521165 ], [ -7.8476738, 54.5164208 ], [ -7.8599746, 54.5146027 ], [ -7.8606571, 54.5137868 ], [ -7.8715219, 54.5107966 ], [ -7.8856739, 54.5111363 ], [ -7.8940311, 54.5094256 ], [ -7.8971273, 54.5079017 ], [ -7.8787794, 54.506785 ], [ -7.875369, 54.5062332 ], [ -7.872881, 54.505902 ], [ -7.8507329, 54.5070127 ], [ -7.8398511, 54.5110968 ], [ -7.8349241, 54.5125783 ], [ -7.8319388, 54.5106683 ], [ -7.8221853, 54.5141109 ], [ -7.8240081, 54.5165475 ], [ -7.8212419, 54.5170377 ], [ -7.8197324, 54.5175333 ], [ -7.8114375, 54.5179603 ], [ -7.8122892, 54.515689 ], [ -7.808385, 54.514616499999988 ], [ -7.8074977, 54.5130725 ], [ -7.8019291, 54.5147634 ], [ -7.8025264, 54.5165505 ], [ -7.7959379, 54.5189141 ], [ -7.7974239, 54.5195522 ], [ -7.7899884, 54.5231656 ], [ -7.7890133, 54.5249456 ], [ -7.7865239, 54.5264815 ] ] ], [ [ [ -7.8950742, 54.5101588 ], [ -7.8949512, 54.5121638 ], [ -7.9021335, 54.5116092 ], [ -7.9010457, 54.5104779 ], [ -7.8950742, 54.5101588 ] ] ], [ [ [ -7.9315601, 54.4944864 ], [ -7.9296278, 54.4958927 ], [ -7.9300122, 54.497216 ], [ -7.9316694, 54.4959703 ], [ -7.9315601, 54.4944864 ] ] ], [ [ [ -7.6756316, 54.417171 ], [ -7.6827006, 54.4170166 ], [ -7.6797293, 54.4150368 ], [ -7.6756316, 54.417171 ] ] ], [ [ [ -7.838129, 54.5042398 ], [ -7.8280955, 54.5084667 ], [ -7.8306686, 54.5089265 ], [ -7.8298774, 54.5100851 ], [ -7.8374422, 54.507171 ], [ -7.8411333, 54.5065709 ], [ -7.8394946, 54.5057982 ], [ -7.838129, 54.5042398 ] ] ], [ [ [ -7.8268278, 54.5108222 ], [ -7.8219686, 54.5110609 ], [ -7.8252436, 54.5114332 ], [ -7.8268278, 54.5108222 ] ] ], [ [ [ -7.7277884, 54.4310899 ], [ -7.7217972, 54.428936199999988 ], [ -7.7175008, 54.42976 ], [ -7.7219164, 54.4323549 ], [ -7.7277884, 54.4310899 ] ] ], [ [ [ -7.4829232, 54.1895461 ], [ -7.4816509, 54.1919155 ], [ -7.4836006, 54.1936468 ], [ -7.4871875, 54.1927142 ], [ -7.4829232, 54.1895461 ] ] ], [ [ [ -7.509662, 54.2248118 ], [ -7.4943241, 54.2233733 ], [ -7.5022495, 54.2254889 ], [ -7.5097876, 54.2276691 ], [ -7.509662, 54.2248118 ] ] ], [ [ [ -7.4961916, 54.1956706 ], [ -7.4966071, 54.1992144 ], [ -7.5089902, 54.1967399 ], [ -7.5098413, 54.1939016 ], [ -7.5076736, 54.1922639 ], [ -7.5022153, 54.1938992 ], [ -7.4993941, 54.1955497 ], [ -7.4961916, 54.1956706 ] ] ], [ [ [ -7.5669542, 54.2333569 ], [ -7.5685117, 54.2316537 ], [ -7.5609837, 54.2310106 ], [ -7.5669542, 54.2333569 ] ] ] ] } },
{ "type": "Feature", "properties": { "Federation": "West Belfast", "HSCT": "BHSCT" }, "geometry": { "type": "MultiPolygon", "coordinates": [ [ [ [ -5.9350158, 54.6028913 ], [ -5.9267819, 54.600051 ], [ -5.9246005, 54.6007388 ], [ -5.9241534, 54.5995146 ], [ -5.9204794, 54.5997656 ], [ -5.9165966, 54.6059957 ], [ -5.923657, 54.6097256 ], [ -5.928463, 54.6050177 ], [ -5.9333477, 54.6072995 ], [ -5.9380652, 54.6032965 ], [ -5.9403749, 54.5999809 ], [ -5.9445903, 54.5975321 ], [ -5.9470612, 54.5994097 ], [ -5.9506245, 54.5986563 ], [ -5.9545201, 54.6043945 ], [ -5.9599915, 54.6052089 ], [ -5.9618248, 54.6030673 ], [ -5.9646736, 54.6042449 ], [ -5.9688126, 54.601464199999988 ], [ -5.9802826, 54.6003017 ], [ -5.9835585, 54.6020705 ], [ -5.9966067, 54.5991588 ], [ -5.9993964, 54.602266 ], [ -5.9997809, 54.6035339 ], [ -5.9960522, 54.6063492 ], [ -6.0045168, 54.6097133 ], [ -6.0109577, 54.6118585 ], [ -6.0415039, 54.6126349 ], [ -6.0449582, 54.6051665 ], [ -6.0399607, 54.5927895 ], [ -6.042141, 54.5899134 ], [ -6.0454447, 54.5877385 ], [ -6.0291183, 54.5733541 ], [ -6.0244252, 54.5722439 ], [ -6.0280732, 54.5707025 ], [ -6.0221593, 54.569648 ], [ -6.0189278, 54.5653787 ], [ -6.0206579, 54.5649166 ], [ -6.0171333, 54.5638992 ], [ -6.0156917, 54.5603969 ], [ -6.0059242, 54.5577186 ], [ -5.9986594, 54.5607122 ], [ -5.993984, 54.5616772 ], [ -5.9888004, 54.5691612 ], [ -5.9719773, 54.576951 ], [ -5.9577268, 54.588637 ], [ -5.9574359, 54.5841271 ], [ -5.9522415, 54.5877501 ], [ -5.9529742, 54.588871 ], [ -5.9477607, 54.5898887 ], [ -5.9399279, 54.5972838 ], [ -5.9352103, 54.5978627 ], [ -5.9331872, 54.5963857 ], [ -5.9302572, 54.5981913 ], [ -5.93586, 54.5999881 ], [ -5.9350158, 54.6028913 ] ], [ [ -6.0171333, 54.5638992 ], [ -6.0145605, 54.5649806 ], [ -6.0066768, 54.5645194 ], [ -6.0085884, 54.561929 ], [ -6.0171333, 54.5638992 ] ] ] ] } }
]
}
